This is pdfTeX, Version 3.141592653-2.6-1.40.29 (TeX Live 2026) (preloaded format=pdflatex 2026.10.2)  2 OCT 2026 15:15
entering extended mode
 restricted \write18 enabled.
 %&-line parsing enabled.
**paper.tex
(./paper.tex
LaTeX2e <2026-06-01>
L3 programming layer <2026-09-09>
(/home/hatch/texlive/2026/texmf-dist/tex/latex/base/article.cls
Document Class: article 2025/01/22 v1.4n Standard LaTeX document class
(/home/hatch/texlive/2026/texmf-dist/tex/latex/base/size11.clo
File: size11.clo 2025/01/22 v1.4n Standard LaTeX file (size option)
)
\c@part=\count276
\c@section=\count277
\c@subsection=\count278
\c@subsubsection=\count279
\c@paragraph=\count280
\c@subparagraph=\count281
\c@figure=\count282
\c@table=\count283
\abovecaptionskip=\skip49
\belowcaptionskip=\skip50
\bibindent=\dimen150
)
(/home/hatch/texlive/2026/texmf-dist/tex/latex/geometry/geometry.sty
Package: geometry 2026/03/07 v6.0 Page Geometry

(/home/hatch/texlive/2026/texmf-dist/tex/latex/graphics/keyval.sty
Package: keyval 2026-05-17 v1.15 key=value parser (DPC)
\KV@toks@=\toks17
)
(/home/hatch/texlive/2026/texmf-dist/tex/generic/iftex/ifvtex.sty
Package: ifvtex 2019/10/25 v1.7 ifvtex legacy package. Use iftex instead.

(/home/hatch/texlive/2026/texmf-dist/tex/generic/iftex/iftex.sty
Package: iftex 2024/12/12 v1.0g TeX engine tests
))
\Gm@cnth=\count284
\Gm@cntv=\count285
\c@Gm@tempcnt=\count286
\Gm@bindingoffset=\dimen151
\Gm@wd@mp=\dimen152
\Gm@odd@mp=\dimen153
\Gm@even@mp=\dimen154
\Gm@layoutwidth=\dimen155
\Gm@layoutheight=\dimen156
\Gm@layouthoffset=\dimen157
\Gm@layoutvoffset=\dimen158
\Gm@dimlist=\toks18
)
(/home/hatch/texlive/2026/texmf-dist/tex/latex/pdfpages/pdfpages.sty
Package: pdfpages 2026/03/30 v0.6h Insert pages of external PDF documents (AM)

(/home/hatch/texlive/2026/texmf-dist/tex/latex/base/ifthen.sty
Package: ifthen 2024/03/16 v1.1e Standard LaTeX ifthen package (DPC)
)
(/home/hatch/texlive/2026/texmf-dist/tex/latex/tools/calc.sty
Package: calc 2025/03/01 v4.3b Infix arithmetic (KKT,FJ)
\calc@Acount=\count287
\calc@Bcount=\count288
\calc@Adimen=\dimen159
\calc@Bdimen=\dimen160
\calc@Askip=\skip51
\calc@Bskip=\skip52
LaTeX Info: Redefining \setlength on input line 86.
LaTeX Info: Redefining \addtolength on input line 87.
\calc@Ccount=\count289
\calc@Cskip=\skip53
)
(/home/hatch/texlive/2026/texmf-dist/tex/latex/eso-pic/eso-pic.sty
Package: eso-pic 2026/05/31 v3.0e eso-pic (RN)
\ESO@tempdima=\dimen161
\ESO@tempdimb=\dimen162

(/home/hatch/texlive/2026/texmf-dist/tex/latex/xcolor/xcolor.sty
Package: xcolor 2024/09/29 v3.02 LaTeX color extensions (UK)

(/home/hatch/texlive/2026/texmf-dist/tex/latex/graphics-cfg/color.cfg
File: color.cfg 2016/01/02 v1.6 sample color configuration
)
Package xcolor Info: Driver file: pdftex.def on input line 274.

(/home/hatch/texlive/2026/texmf-dist/tex/latex/graphics-def/pdftex.def
File: pdftex.def 2025/09/29 v1.2d Graphics/color driver for pdftex
)
(/home/hatch/texlive/2026/texmf-dist/tex/latex/graphics/mathcolor.ltx)
Package xcolor Info: Model `cmy' substituted by `cmy0' on input line 1349.
Package xcolor Info: Model `hsb' substituted by `rgb' on input line 1353.
Package xcolor Info: Model `RGB' extended on input line 1365.
Package xcolor Info: Model `HTML' substituted by `rgb' on input line 1367.
Package xcolor Info: Model `Hsb' substituted by `hsb' on input line 1368.
Package xcolor Info: Model `tHsb' substituted by `hsb' on input line 1369.
Package xcolor Info: Model `HSB' substituted by `hsb' on input line 1370.
Package xcolor Info: Model `Gray' substituted by `gray' on input line 1371.
Package xcolor Info: Model `wave' substituted by `hsb' on input line 1372.
))
(/home/hatch/texlive/2026/texmf-dist/tex/latex/etoolbox/etoolbox.sty
Package: etoolbox 2025/10/02 v2.5m e-TeX tools for LaTeX (JAW)
\etb@tempcnta=\count290
)
(/home/hatch/texlive/2026/texmf-dist/tex/latex/graphics/graphicx.sty
Package: graphicx 2026-05-17 v1.2e Enhanced LaTeX Graphics (DPC,SPQR)

(/home/hatch/texlive/2026/texmf-dist/tex/latex/graphics/graphics.sty
Package: graphics 2026-05-17 v1.4h Standard LaTeX Graphics (DPC,SPQR)

(/home/hatch/texlive/2026/texmf-dist/tex/latex/graphics/trig.sty
Package: trig 2023/12/02 v1.11 sin cos tan (DPC)
)
(/home/hatch/texlive/2026/texmf-dist/tex/latex/graphics-cfg/graphics.cfg
File: graphics.cfg 2016/06/04 v1.11 sample graphics configuration
)
Package graphics Info: Driver file: pdftex.def on input line 106.
)
\Gin@req@height=\dimen163
\Gin@req@width=\dimen164
)
\AM@pagewidth=\dimen165
\AM@pageheight=\dimen166
\AM@fboxrule=\dimen167

(/home/hatch/texlive/2026/texmf-dist/tex/latex/pdfpages/pppdftex.def
File: pppdftex.def 2026/03/30 v0.6h Pdfpages driver for pdfTeX (AM)
)
\pdfpages@includegraphics@status=\count291
\AM@pagebox=\box53
\AM@global@opts=\toks19
\AM@pagecnt=\count292
\AM@toc@title=\toks20
\AM@lof@heading=\toks21
\c@AM@survey=\count293
\AM@templatesizebox=\box54
)
(/home/hatch/texlive/2026/texmf-dist/tex/latex/hyperref/hyperref.sty
Package: hyperref 2026-06-17 v7.01r Hypertext links for LaTeX

(/home/hatch/texlive/2026/texmf-dist/tex/latex/kvsetkeys/kvsetkeys.sty
Package: kvsetkeys 2022-10-05 v1.19 Key value parser (HO)
)
(/home/hatch/texlive/2026/texmf-dist/tex/generic/kvdefinekeys/kvdefinekeys.sty
Package: kvdefinekeys 2019-12-19 v1.6 Define keys (HO)
) (/home/hatch/texlive/2026/texmf-dist/tex/generic/pdfescape/pdfescape.sty
Package: pdfescape 2019/12/09 v1.15 Implements pdfTeX's escape features (HO)

(/home/hatch/texlive/2026/texmf-dist/tex/generic/ltxcmds/ltxcmds.sty
Package: ltxcmds 2023-12-04 v1.26 LaTeX kernel commands for general use (HO)
)
(/home/hatch/texlive/2026/texmf-dist/tex/generic/pdftexcmds/pdftexcmds.sty
Package: pdftexcmds 2020-06-27 v0.33 Utility functions of pdfTeX for LuaTeX (HO
)

(/home/hatch/texlive/2026/texmf-dist/tex/generic/infwarerr/infwarerr.sty
Package: infwarerr 2019/12/03 v1.5 Providing info/warning/error messages (HO)
)
Package pdftexcmds Info: \pdf@primitive is available.
Package pdftexcmds Info: \pdf@ifprimitive is available.
Package pdftexcmds Info: \pdfdraftmode found.
))
(/home/hatch/texlive/2026/texmf-dist/tex/latex/hycolor/hycolor.sty
Package: hycolor 2020-01-27 v1.10 Color options for hyperref/bookmark (HO)
)
(/home/hatch/texlive/2026/texmf-dist/tex/latex/hyperref/nameref.sty
Package: nameref 2026-01-29 v2.58 Cross-referencing by name of section

(/home/hatch/texlive/2026/texmf-dist/tex/latex/refcount/refcount.sty
Package: refcount 2019/12/15 v3.6 Data extraction from label references (HO)
)
(/home/hatch/texlive/2026/texmf-dist/tex/generic/gettitlestring/gettitlestring.
sty
Package: gettitlestring 2019/12/15 v1.6 Cleanup title references (HO)
 (/home/hatch/texlive/2026/texmf-dist/tex/latex/kvoptions/kvoptions.sty
Package: kvoptions 2022-06-15 v3.15 Key value format for package options (HO)
))
\c@section@level=\count294
)
(/home/hatch/texlive/2026/texmf-dist/tex/generic/stringenc/stringenc.sty
Package: stringenc 2019/11/29 v1.12 Convert strings between diff. encodings (HO
)
)
\@linkdim=\dimen168
\Hy@linkcounter=\count295
\Hy@pagecounter=\count296

(/home/hatch/texlive/2026/texmf-dist/tex/latex/hyperref/pd1enc.def
File: pd1enc.def 2026-06-17 v7.01r Hyperref: PDFDocEncoding definition (HO)
Now handling font encoding PD1 ...
... no UTF-8 mapping file for font encoding PD1
)
(/home/hatch/texlive/2026/texmf-dist/tex/generic/intcalc/intcalc.sty
Package: intcalc 2019/12/15 v1.3 Expandable calculations with integers (HO)
)
\Hy@SavedSpaceFactor=\count297

(/home/hatch/texlive/2026/texmf-dist/tex/latex/hyperref/puenc.def
File: puenc.def 2026-06-17 v7.01r Hyperref: PDF Unicode definition (HO)
Now handling font encoding PU ...
... no UTF-8 mapping file for font encoding PU
)
Package hyperref Info: Hyper figures OFF on input line 4199.
Package hyperref Info: Link nesting OFF on input line 4204.
Package hyperref Info: Hyper index ON on input line 4207.
Package hyperref Info: Plain pages OFF on input line 4214.
Package hyperref Info: Backreferencing OFF on input line 4219.
Package hyperref Info: Implicit mode ON; LaTeX internals redefined.
Package hyperref Info: Bookmarks ON on input line 4466.
\c@Hy@tempcnt=\count298

(/home/hatch/texlive/2026/texmf-dist/tex/latex/url/url.sty
\Urlmuskip=\muskip17
Package: url 2013/09/16  ver 3.4  Verb mode for urls, etc.
)
LaTeX Info: Redefining \url on input line 4805.
\XeTeXLinkMargin=\dimen169

(/home/hatch/texlive/2026/texmf-dist/tex/generic/bitset/bitset.sty
Package: bitset 2019/12/09 v1.3 Handle bit-vector datatype (HO)

(/home/hatch/texlive/2026/texmf-dist/tex/generic/bigintcalc/bigintcalc.sty
Package: bigintcalc 2019/12/15 v1.5 Expandable calculations on big integers (HO
)
))
\Fld@menulength=\count299
\Field@Width=\dimen170
\Fld@charsize=\dimen171
Package hyperref Info: Hyper figures OFF on input line 6091.
Package hyperref Info: Link nesting OFF on input line 6096.
Package hyperref Info: Hyper index ON on input line 6099.
Package hyperref Info: backreferencing OFF on input line 6106.
Package hyperref Info: Link coloring OFF on input line 6111.
Package hyperref Info: Link coloring with OCG OFF on input line 6116.
Package hyperref Info: PDF/A mode OFF on input line 6121.
\Hy@abspage=\count300
\c@Item=\count301
\c@Hfootnote=\count302
)
Package hyperref Info: Driver (autodetected): hpdftex.

(/home/hatch/texlive/2026/texmf-dist/tex/latex/hyperref/hpdftex.def
File: hpdftex.def 2026-06-17 v7.01r Hyperref driver for pdfTeX
\Fld@listcount=\count303
\c@bookmark@seq@number=\count304

(/home/hatch/texlive/2026/texmf-dist/tex/latex/rerunfilecheck/rerunfilecheck.st
y
Package: rerunfilecheck 2025-06-21 v1.11 Rerun checks for auxiliary files (HO)

(/home/hatch/texlive/2026/texmf-dist/tex/generic/uniquecounter/uniquecounter.st
y
Package: uniquecounter 2019/12/15 v1.4 Provide unlimited unique counter (HO)
)
Package uniquecounter Info: New unique counter `rerunfilecheck' on input line 2
84.
)
\Hy@SectionHShift=\skip54
) (/home/hatch/texlive/2026/texmf-dist/tex/latex/parskip/parskip.sty
Package: parskip 2021-03-14 v2.0h non-zero parskip adjustments
)
(/home/hatch/texlive/2026/texmf-dist/tex/latex/l3kernel/l3backend-pdftex.def
File: l3backend-pdftex.def 2026-09-09 L3 backend support: PDF output (pdfTeX)
\l__color_backend_stack_int=\count305
)
(./paper.aux)
\openout1 = `paper.aux'.

LaTeX Font Info:    Checking defaults for OML/cmm/m/it on input line 12.
LaTeX Font Info:    ... okay on input line 12.
LaTeX Font Info:    Checking defaults for OMS/cmsy/m/n on input line 12.
LaTeX Font Info:    ... okay on input line 12.
LaTeX Font Info:    Checking defaults for OT1/cmr/m/n on input line 12.
LaTeX Font Info:    ... okay on input line 12.
LaTeX Font Info:    Checking defaults for T1/cmr/m/n on input line 12.
LaTeX Font Info:    ... okay on input line 12.
LaTeX Font Info:    Checking defaults for TS1/cmr/m/n on input line 12.
LaTeX Font Info:    ... okay on input line 12.
LaTeX Font Info:    Checking defaults for OMX/cmex/m/n on input line 12.
LaTeX Font Info:    ... okay on input line 12.
LaTeX Font Info:    Checking defaults for U/cmr/m/n on input line 12.
LaTeX Font Info:    ... okay on input line 12.
LaTeX Font Info:    Checking defaults for PD1/pdf/m/n on input line 12.
LaTeX Font Info:    ... okay on input line 12.
LaTeX Font Info:    Checking defaults for PU/pdf/m/n on input line 12.
LaTeX Font Info:    ... okay on input line 12.

*geometry* driver: auto-detecting
*geometry* detected driver: pdftex
*geometry* verbose mode - [ preamble ] result:
* driver: pdftex
* paper: letterpaper
* layout: <same size as paper>
* layoutoffset:(h,v)=(0.0pt,0.0pt)
* modes: 
* h-part:(L,W,R)=(72.26999pt, 469.75502pt, 72.26999pt)
* v-part:(T,H,B)=(72.26999pt, 650.43001pt, 72.26999pt)
* \paperwidth=614.295pt
* \paperheight=794.96999pt
* \textwidth=469.75502pt
* \textheight=650.43001pt
* \oddsidemargin=0.0pt
* \evensidemargin=0.0pt
* \topmargin=-37.0pt
* \headheight=12.0pt
* \headsep=25.0pt
* \topskip=11.0pt
* \footskip=30.0pt
* \marginparwidth=59.0pt
* \marginparsep=10.0pt
* \columnsep=10.0pt
* \skip\footins=10.0pt plus 4.0pt minus 2.0pt
* \hoffset=0.0pt
* \voffset=0.0pt
* \mag=1000
* \@twocolumnfalse
* \@twosidefalse
* \@mparswitchfalse
* \@reversemarginfalse
* (1in=72.27pt=25.4mm, 1cm=28.453pt)

(/home/hatch/texlive/2026/texmf-dist/tex/context/base/mkii/supp-pdf.mkii
[Loading MPS to PDF converter (version 2006.09.02).]
\scratchcounter=\count306
\scratchdimen=\dimen172
\scratchbox=\box55
\nofMPsegments=\count307
\nofMParguments=\count308
\everyMPshowfont=\toks22
\MPscratchCnt=\count309
\MPscratchDim=\dimen173
\MPnumerator=\count310
\makeMPintoPDFobject=\count311
\everyMPtoPDFconversion=\toks23
) (/home/hatch/texlive/2026/texmf-dist/tex/latex/epstopdf-pkg/epstopdf-base.sty
Package: epstopdf-base 2020-01-24 v2.11 Base part for package epstopdf
Package epstopdf-base Info: Redefining graphics rule for `.eps' on input line 4
85.
(/home/hatch/texlive/2026/texmf-dist/tex/latex/latexconfig/epstopdf-sys.cfg
File: epstopdf-sys.cfg 2010/07/13 v1.3 Configuration of (r)epstopdf for TeX Liv
e
))
(/home/hatch/texlive/2026/texmf-dist/tex/latex/pdflscape/pdflscape.sty
Package: pdflscape 2025-06-23 v0.14 Display of landscape pages in PDF

(/home/hatch/texlive/2026/texmf-dist/tex/latex/pdflscape/pdflscape-nometadata.s
ty
Package: pdflscape-nometadata 2025-06-23 v0.14 Display of landscape pages in PD
F (HO)
 (/home/hatch/texlive/2026/texmf-dist/tex/latex/graphics/lscape.sty
Package: lscape 2020/05/28 v3.02 Landscape Pages (DPC)
)
Package pdflscape Info: Auto-detected driver: pdftex on input line 81.
))
Package hyperref Info: Link coloring OFF on input line 12.

(./paper.out) (./paper.out)
\@outlinefile=\write3
\openout3 = `paper.out'.

 [1

{/home/hatch/texlive/2026/texmf-var/fonts/map/pdftex/updmap/pdftex.map}]
Overfull \hbox (2.28177pt too wide) in paragraph at lines 30--31
\OT1/cmr/m/n/10.95 FIED[]DEPENDENCY, UN-KNOWN[]VERIFIER[]PROFILE, VER-I-FIER[]T
OO[]OLD). omega hard-
 []

[2]
LaTeX Font Info:    External font `cmex10' loaded for size
(Font)              <10.95> on input line 45.
LaTeX Font Info:    External font `cmex10' loaded for size
(Font)              <8> on input line 45.
LaTeX Font Info:    External font `cmex10' loaded for size
(Font)              <6> on input line 45.
 [3] (./paper.toc)
\tf@toc=\write4
\openout4 = `paper.toc'.

 [4] [5]
</home/hatch/workspace/aien-youtube/sources/the-turing-brief.pdf, id=80, 614.29
5pt x 794.97pt>
File: /home/hatch/workspace/aien-youtube/sources/the-turing-brief.pdf Graphic f
ile (type pdf)
<use /home/hatch/workspace/aien-youtube/sources/the-turing-brief.pdf>
Package pdftex.def Info: /home/hatch/workspace/aien-youtube/sources/the-turing-
brief.pdf  used on input line 72.
(pdftex.def)             Requested size: 614.29349pt x 794.96806pt.
</home/hatch/workspace/aien-youtube/sources/the-turing-brief.pdf, id=82, page=1
, 614.295pt x 794.97pt>
File: /home/hatch/workspace/aien-youtube/sources/the-turing-brief.pdf Graphic f
ile (type pdf)
<use /home/hatch/workspace/aien-youtube/sources/the-turing-brief.pdf, page 1>
Package pdftex.def Info: /home/hatch/workspace/aien-youtube/sources/the-turing-
brief.pdf , page1 used on input line 72.
(pdftex.def)             Requested size: 614.29349pt x 794.96806pt.
File: /home/hatch/workspace/aien-youtube/sources/the-turing-brief.pdf Graphic f
ile (type pdf)
<use /home/hatch/workspace/aien-youtube/sources/the-turing-brief.pdf, page 1>
Package pdftex.def Info: /home/hatch/workspace/aien-youtube/sources/the-turing-
brief.pdf , page1 used on input line 72.
(pdftex.def)             Requested size: 614.58406pt x 795.3441pt.
File: /home/hatch/workspace/aien-youtube/sources/the-turing-brief.pdf Graphic f
ile (type pdf)
<use /home/hatch/workspace/aien-youtube/sources/the-turing-brief.pdf, page 1>
Package pdftex.def Info: /home/hatch/workspace/aien-youtube/sources/the-turing-
brief.pdf , page1 used on input line 72.
(pdftex.def)             Requested size: 614.58406pt x 795.3441pt.
File: /home/hatch/workspace/aien-youtube/sources/the-turing-brief.pdf Graphic f
ile (type pdf)
<use /home/hatch/workspace/aien-youtube/sources/the-turing-brief.pdf, page 1>
Package pdftex.def Info: /home/hatch/workspace/aien-youtube/sources/the-turing-
brief.pdf , page1 used on input line 72.
(pdftex.def)             Requested size: 614.58406pt x 795.3441pt.
File: /home/hatch/workspace/aien-youtube/sources/the-turing-brief.pdf Graphic f
ile (type pdf)
<use /home/hatch/workspace/aien-youtube/sources/the-turing-brief.pdf, page 1>
Package pdftex.def Info: /home/hatch/workspace/aien-youtube/sources/the-turing-
brief.pdf , page1 used on input line 72.
(pdftex.def)             Requested size: 614.58406pt x 795.3441pt.
 [6

 </home/hatch/workspace/aien-youtube/sources/the-turing-brief.pdf>]
</home/hatch/workspace/aien-youtube/sources/the-turing-brief.pdf, id=142, page=
2, 614.295pt x 794.97pt>
File: /home/hatch/workspace/aien-youtube/sources/the-turing-brief.pdf Graphic f
ile (type pdf)
<use /home/hatch/workspace/aien-youtube/sources/the-turing-brief.pdf, page 2>
Package pdftex.def Info: /home/hatch/workspace/aien-youtube/sources/the-turing-
brief.pdf , page2 used on input line 72.
(pdftex.def)             Requested size: 614.58406pt x 795.3441pt.
File: /home/hatch/workspace/aien-youtube/sources/the-turing-brief.pdf Graphic f
ile (type pdf)
<use /home/hatch/workspace/aien-youtube/sources/the-turing-brief.pdf, page 2>
Package pdftex.def Info: /home/hatch/workspace/aien-youtube/sources/the-turing-
brief.pdf , page2 used on input line 72.
(pdftex.def)             Requested size: 614.58406pt x 795.3441pt.
File: /home/hatch/workspace/aien-youtube/sources/the-turing-brief.pdf Graphic f
ile (type pdf)
<use /home/hatch/workspace/aien-youtube/sources/the-turing-brief.pdf, page 2>
Package pdftex.def Info: /home/hatch/workspace/aien-youtube/sources/the-turing-
brief.pdf , page2 used on input line 72.
(pdftex.def)             Requested size: 614.58406pt x 795.3441pt.
 [7

 </home/hatch/workspace/aien-youtube/sources/the-turing-brief.pdf>]
</home/hatch/workspace/aien-youtube/sources/the-turing-brief.pdf, id=154, page=
3, 614.295pt x 794.97pt>
File: /home/hatch/workspace/aien-youtube/sources/the-turing-brief.pdf Graphic f
ile (type pdf)
<use /home/hatch/workspace/aien-youtube/sources/the-turing-brief.pdf, page 3>
Package pdftex.def Info: /home/hatch/workspace/aien-youtube/sources/the-turing-
brief.pdf , page3 used on input line 72.
(pdftex.def)             Requested size: 614.58406pt x 795.3441pt.
File: /home/hatch/workspace/aien-youtube/sources/the-turing-brief.pdf Graphic f
ile (type pdf)
<use /home/hatch/workspace/aien-youtube/sources/the-turing-brief.pdf, page 3>
Package pdftex.def Info: /home/hatch/workspace/aien-youtube/sources/the-turing-
brief.pdf , page3 used on input line 72.
(pdftex.def)             Requested size: 614.58406pt x 795.3441pt.
File: /home/hatch/workspace/aien-youtube/sources/the-turing-brief.pdf Graphic f
ile (type pdf)
<use /home/hatch/workspace/aien-youtube/sources/the-turing-brief.pdf, page 3>
Package pdftex.def Info: /home/hatch/workspace/aien-youtube/sources/the-turing-
brief.pdf , page3 used on input line 72.
(pdftex.def)             Requested size: 614.58406pt x 795.3441pt.
 [8

 </home/hatch/workspace/aien-youtube/sources/the-turing-brief.pdf>] [9]
</home/hatch/workspace/goals/the-continuation-test-paper/files/computing-machin
ery-and-understanding-v1-13-preprint.pdf, id=163, 614.295pt x 794.97pt>
File: /home/hatch/workspace/goals/the-continuation-test-paper/files/computing-m
achinery-and-understanding-v1-13-preprint.pdf Graphic file (type pdf)
<use /home/hatch/workspace/goals/the-continuation-test-paper/files/computing-ma
chinery-and-understanding-v1-13-preprint.pdf>
Package pdftex.def Info: /home/hatch/workspace/goals/the-continuation-test-pape
r/files/computing-machinery-and-understanding-v1-13-preprint.pdf  used on input
 line 79.
(pdftex.def)             Requested size: 614.29349pt x 794.96806pt.
</home/hatch/workspace/goals/the-continuation-test-paper/files/computing-machin
ery-and-understanding-v1-13-preprint.pdf, id=165, page=1, 614.295pt x 794.97pt>

File: /home/hatch/workspace/goals/the-continuation-test-paper/files/computing-m
achinery-and-understanding-v1-13-preprint.pdf Graphic file (type pdf)
<use /home/hatch/workspace/goals/the-continuation-test-paper/files/computing-ma
chinery-and-understanding-v1-13-preprint.pdf, page 1>
Package pdftex.def Info: /home/hatch/workspace/goals/the-continuation-test-pape
r/files/computing-machinery-and-understanding-v1-13-preprint.pdf , page1 used o
n input line 79.
(pdftex.def)             Requested size: 614.29349pt x 794.96806pt.
File: /home/hatch/workspace/goals/the-continuation-test-paper/files/computing-m
achinery-and-understanding-v1-13-preprint.pdf Graphic file (type pdf)
<use /home/hatch/workspace/goals/the-continuation-test-paper/files/computing-ma
chinery-and-understanding-v1-13-preprint.pdf, page 1>
Package pdftex.def Info: /home/hatch/workspace/goals/the-continuation-test-pape
r/files/computing-machinery-and-understanding-v1-13-preprint.pdf , page1 used o
n input line 79.
(pdftex.def)             Requested size: 614.58406pt x 795.3441pt.
File: /home/hatch/workspace/goals/the-continuation-test-paper/files/computing-m
achinery-and-understanding-v1-13-preprint.pdf Graphic file (type pdf)
<use /home/hatch/workspace/goals/the-continuation-test-paper/files/computing-ma
chinery-and-understanding-v1-13-preprint.pdf, page 1>
Package pdftex.def Info: /home/hatch/workspace/goals/the-continuation-test-pape
r/files/computing-machinery-and-understanding-v1-13-preprint.pdf , page1 used o
n input line 79.
(pdftex.def)             Requested size: 614.58406pt x 795.3441pt.
File: /home/hatch/workspace/goals/the-continuation-test-paper/files/computing-m
achinery-and-understanding-v1-13-preprint.pdf Graphic file (type pdf)
<use /home/hatch/workspace/goals/the-continuation-test-paper/files/computing-ma
chinery-and-understanding-v1-13-preprint.pdf, page 1>
Package pdftex.def Info: /home/hatch/workspace/goals/the-continuation-test-pape
r/files/computing-machinery-and-understanding-v1-13-preprint.pdf , page1 used o
n input line 79.
(pdftex.def)             Requested size: 614.58406pt x 795.3441pt.
File: /home/hatch/workspace/goals/the-continuation-test-paper/files/computing-m
achinery-and-understanding-v1-13-preprint.pdf Graphic file (type pdf)
<use /home/hatch/workspace/goals/the-continuation-test-paper/files/computing-ma
chinery-and-understanding-v1-13-preprint.pdf, page 1>
Package pdftex.def Info: /home/hatch/workspace/goals/the-continuation-test-pape
r/files/computing-machinery-and-understanding-v1-13-preprint.pdf , page1 used o
n input line 79.
(pdftex.def)             Requested size: 614.58406pt x 795.3441pt.
 [10

 </home/hatch/workspace/goals/the-continuation-test-paper/files/computing-machi
nery-and-understanding-v1-13-preprint.pdf>]
</home/hatch/workspace/goals/the-continuation-test-paper/files/computing-machin
ery-and-understanding-v1-13-preprint.pdf, id=246, page=2, 614.295pt x 794.97pt>

File: /home/hatch/workspace/goals/the-continuation-test-paper/files/computing-m
achinery-and-understanding-v1-13-preprint.pdf Graphic file (type pdf)
<use /home/hatch/workspace/goals/the-continuation-test-paper/files/computing-ma
chinery-and-understanding-v1-13-preprint.pdf, page 2>
Package pdftex.def Info: /home/hatch/workspace/goals/the-continuation-test-pape
r/files/computing-machinery-and-understanding-v1-13-preprint.pdf , page2 used o
n input line 79.
(pdftex.def)             Requested size: 614.58406pt x 795.3441pt.
File: /home/hatch/workspace/goals/the-continuation-test-paper/files/computing-m
achinery-and-understanding-v1-13-preprint.pdf Graphic file (type pdf)
<use /home/hatch/workspace/goals/the-continuation-test-paper/files/computing-ma
chinery-and-understanding-v1-13-preprint.pdf, page 2>
Package pdftex.def Info: /home/hatch/workspace/goals/the-continuation-test-pape
r/files/computing-machinery-and-understanding-v1-13-preprint.pdf , page2 used o
n input line 79.
(pdftex.def)             Requested size: 614.58406pt x 795.3441pt.
File: /home/hatch/workspace/goals/the-continuation-test-paper/files/computing-m
achinery-and-understanding-v1-13-preprint.pdf Graphic file (type pdf)
<use /home/hatch/workspace/goals/the-continuation-test-paper/files/computing-ma
chinery-and-understanding-v1-13-preprint.pdf, page 2>
Package pdftex.def Info: /home/hatch/workspace/goals/the-continuation-test-pape
r/files/computing-machinery-and-understanding-v1-13-preprint.pdf , page2 used o
n input line 79.
(pdftex.def)             Requested size: 614.58406pt x 795.3441pt.
 [11

 </home/hatch/workspace/goals/the-continuation-test-paper/files/computing-machi
nery-and-understanding-v1-13-preprint.pdf>]
</home/hatch/workspace/goals/the-continuation-test-paper/files/computing-machin
ery-and-understanding-v1-13-preprint.pdf, id=279, page=3, 614.295pt x 794.97pt>

File: /home/hatch/workspace/goals/the-continuation-test-paper/files/computing-m
achinery-and-understanding-v1-13-preprint.pdf Graphic file (type pdf)
<use /home/hatch/workspace/goals/the-continuation-test-paper/files/computing-ma
chinery-and-understanding-v1-13-preprint.pdf, page 3>
Package pdftex.def Info: /home/hatch/workspace/goals/the-continuation-test-pape
r/files/computing-machinery-and-understanding-v1-13-preprint.pdf , page3 used o
n input line 79.
(pdftex.def)             Requested size: 614.58406pt x 795.3441pt.
File: /home/hatch/workspace/goals/the-continuation-test-paper/files/computing-m
achinery-and-understanding-v1-13-preprint.pdf Graphic file (type pdf)
<use /home/hatch/workspace/goals/the-continuation-test-paper/files/computing-ma
chinery-and-understanding-v1-13-preprint.pdf, page 3>
Package pdftex.def Info: /home/hatch/workspace/goals/the-continuation-test-pape
r/files/computing-machinery-and-understanding-v1-13-preprint.pdf , page3 used o
n input line 79.
(pdftex.def)             Requested size: 614.58406pt x 795.3441pt.
File: /home/hatch/workspace/goals/the-continuation-test-paper/files/computing-m
achinery-and-understanding-v1-13-preprint.pdf Graphic file (type pdf)
<use /home/hatch/workspace/goals/the-continuation-test-paper/files/computing-ma
chinery-and-understanding-v1-13-preprint.pdf, page 3>
Package pdftex.def Info: /home/hatch/workspace/goals/the-continuation-test-pape
r/files/computing-machinery-and-understanding-v1-13-preprint.pdf , page3 used o
n input line 79.
(pdftex.def)             Requested size: 614.58406pt x 795.3441pt.
 [12

 </home/hatch/workspace/goals/the-continuation-test-paper/files/computing-machi
nery-and-understanding-v1-13-preprint.pdf>]
</home/hatch/workspace/goals/the-continuation-test-paper/files/computing-machin
ery-and-understanding-v1-13-preprint.pdf, id=288, page=4, 614.295pt x 794.97pt>

File: /home/hatch/workspace/goals/the-continuation-test-paper/files/computing-m
achinery-and-understanding-v1-13-preprint.pdf Graphic file (type pdf)
<use /home/hatch/workspace/goals/the-continuation-test-paper/files/computing-ma
chinery-and-understanding-v1-13-preprint.pdf, page 4>
Package pdftex.def Info: /home/hatch/workspace/goals/the-continuation-test-pape
r/files/computing-machinery-and-understanding-v1-13-preprint.pdf , page4 used o
n input line 79.
(pdftex.def)             Requested size: 614.58406pt x 795.3441pt.
File: /home/hatch/workspace/goals/the-continuation-test-paper/files/computing-m
achinery-and-understanding-v1-13-preprint.pdf Graphic file (type pdf)
<use /home/hatch/workspace/goals/the-continuation-test-paper/files/computing-ma
chinery-and-understanding-v1-13-preprint.pdf, page 4>
Package pdftex.def Info: /home/hatch/workspace/goals/the-continuation-test-pape
r/files/computing-machinery-and-understanding-v1-13-preprint.pdf , page4 used o
n input line 79.
(pdftex.def)             Requested size: 614.58406pt x 795.3441pt.
File: /home/hatch/workspace/goals/the-continuation-test-paper/files/computing-m
achinery-and-understanding-v1-13-preprint.pdf Graphic file (type pdf)
<use /home/hatch/workspace/goals/the-continuation-test-paper/files/computing-ma
chinery-and-understanding-v1-13-preprint.pdf, page 4>
Package pdftex.def Info: /home/hatch/workspace/goals/the-continuation-test-pape
r/files/computing-machinery-and-understanding-v1-13-preprint.pdf , page4 used o
n input line 79.
(pdftex.def)             Requested size: 614.58406pt x 795.3441pt.
 [13

 </home/hatch/workspace/goals/the-continuation-test-paper/files/computing-machi
nery-and-understanding-v1-13-preprint.pdf>]
</home/hatch/workspace/goals/the-continuation-test-paper/files/computing-machin
ery-and-understanding-v1-13-preprint.pdf, id=294, page=5, 614.295pt x 794.97pt>

File: /home/hatch/workspace/goals/the-continuation-test-paper/files/computing-m
achinery-and-understanding-v1-13-preprint.pdf Graphic file (type pdf)
<use /home/hatch/workspace/goals/the-continuation-test-paper/files/computing-ma
chinery-and-understanding-v1-13-preprint.pdf, page 5>
Package pdftex.def Info: /home/hatch/workspace/goals/the-continuation-test-pape
r/files/computing-machinery-and-understanding-v1-13-preprint.pdf , page5 used o
n input line 79.
(pdftex.def)             Requested size: 614.58406pt x 795.3441pt.
File: /home/hatch/workspace/goals/the-continuation-test-paper/files/computing-m
achinery-and-understanding-v1-13-preprint.pdf Graphic file (type pdf)
<use /home/hatch/workspace/goals/the-continuation-test-paper/files/computing-ma
chinery-and-understanding-v1-13-preprint.pdf, page 5>
Package pdftex.def Info: /home/hatch/workspace/goals/the-continuation-test-pape
r/files/computing-machinery-and-understanding-v1-13-preprint.pdf , page5 used o
n input line 79.
(pdftex.def)             Requested size: 614.58406pt x 795.3441pt.
File: /home/hatch/workspace/goals/the-continuation-test-paper/files/computing-m
achinery-and-understanding-v1-13-preprint.pdf Graphic file (type pdf)
<use /home/hatch/workspace/goals/the-continuation-test-paper/files/computing-ma
chinery-and-understanding-v1-13-preprint.pdf, page 5>
Package pdftex.def Info: /home/hatch/workspace/goals/the-continuation-test-pape
r/files/computing-machinery-and-understanding-v1-13-preprint.pdf , page5 used o
n input line 79.
(pdftex.def)             Requested size: 614.58406pt x 795.3441pt.
 [14

 </home/hatch/workspace/goals/the-continuation-test-paper/files/computing-machi
nery-and-understanding-v1-13-preprint.pdf>]
</home/hatch/workspace/goals/the-continuation-test-paper/files/computing-machin
ery-and-understanding-v1-13-preprint.pdf, id=299, page=6, 614.295pt x 794.97pt>

File: /home/hatch/workspace/goals/the-continuation-test-paper/files/computing-m
achinery-and-understanding-v1-13-preprint.pdf Graphic file (type pdf)
<use /home/hatch/workspace/goals/the-continuation-test-paper/files/computing-ma
chinery-and-understanding-v1-13-preprint.pdf, page 6>
Package pdftex.def Info: /home/hatch/workspace/goals/the-continuation-test-pape
r/files/computing-machinery-and-understanding-v1-13-preprint.pdf , page6 used o
n input line 79.
(pdftex.def)             Requested size: 614.58406pt x 795.3441pt.
File: /home/hatch/workspace/goals/the-continuation-test-paper/files/computing-m
achinery-and-understanding-v1-13-preprint.pdf Graphic file (type pdf)
<use /home/hatch/workspace/goals/the-continuation-test-paper/files/computing-ma
chinery-and-understanding-v1-13-preprint.pdf, page 6>
Package pdftex.def Info: /home/hatch/workspace/goals/the-continuation-test-pape
r/files/computing-machinery-and-understanding-v1-13-preprint.pdf , page6 used o
n input line 79.
(pdftex.def)             Requested size: 614.58406pt x 795.3441pt.
File: /home/hatch/workspace/goals/the-continuation-test-paper/files/computing-m
achinery-and-understanding-v1-13-preprint.pdf Graphic file (type pdf)
<use /home/hatch/workspace/goals/the-continuation-test-paper/files/computing-ma
chinery-and-understanding-v1-13-preprint.pdf, page 6>
Package pdftex.def Info: /home/hatch/workspace/goals/the-continuation-test-pape
r/files/computing-machinery-and-understanding-v1-13-preprint.pdf , page6 used o
n input line 79.
(pdftex.def)             Requested size: 614.58406pt x 795.3441pt.
 [15

 </home/hatch/workspace/goals/the-continuation-test-paper/files/computing-machi
nery-and-understanding-v1-13-preprint.pdf>]
</home/hatch/workspace/goals/the-continuation-test-paper/files/computing-machin
ery-and-understanding-v1-13-preprint.pdf, id=304, page=7, 614.295pt x 794.97pt>

File: /home/hatch/workspace/goals/the-continuation-test-paper/files/computing-m
achinery-and-understanding-v1-13-preprint.pdf Graphic file (type pdf)
<use /home/hatch/workspace/goals/the-continuation-test-paper/files/computing-ma
chinery-and-understanding-v1-13-preprint.pdf, page 7>
Package pdftex.def Info: /home/hatch/workspace/goals/the-continuation-test-pape
r/files/computing-machinery-and-understanding-v1-13-preprint.pdf , page7 used o
n input line 79.
(pdftex.def)             Requested size: 614.58406pt x 795.3441pt.
File: /home/hatch/workspace/goals/the-continuation-test-paper/files/computing-m
achinery-and-understanding-v1-13-preprint.pdf Graphic file (type pdf)
<use /home/hatch/workspace/goals/the-continuation-test-paper/files/computing-ma
chinery-and-understanding-v1-13-preprint.pdf, page 7>
Package pdftex.def Info: /home/hatch/workspace/goals/the-continuation-test-pape
r/files/computing-machinery-and-understanding-v1-13-preprint.pdf , page7 used o
n input line 79.
(pdftex.def)             Requested size: 614.58406pt x 795.3441pt.
File: /home/hatch/workspace/goals/the-continuation-test-paper/files/computing-m
achinery-and-understanding-v1-13-preprint.pdf Graphic file (type pdf)
<use /home/hatch/workspace/goals/the-continuation-test-paper/files/computing-ma
chinery-and-understanding-v1-13-preprint.pdf, page 7>
Package pdftex.def Info: /home/hatch/workspace/goals/the-continuation-test-pape
r/files/computing-machinery-and-understanding-v1-13-preprint.pdf , page7 used o
n input line 79.
(pdftex.def)             Requested size: 614.58406pt x 795.3441pt.
 [16

 </home/hatch/workspace/goals/the-continuation-test-paper/files/computing-machi
nery-and-understanding-v1-13-preprint.pdf>]
</home/hatch/workspace/goals/the-continuation-test-paper/files/computing-machin
ery-and-understanding-v1-13-preprint.pdf, id=321, page=8, 614.295pt x 794.97pt>

File: /home/hatch/workspace/goals/the-continuation-test-paper/files/computing-m
achinery-and-understanding-v1-13-preprint.pdf Graphic file (type pdf)
<use /home/hatch/workspace/goals/the-continuation-test-paper/files/computing-ma
chinery-and-understanding-v1-13-preprint.pdf, page 8>
Package pdftex.def Info: /home/hatch/workspace/goals/the-continuation-test-pape
r/files/computing-machinery-and-understanding-v1-13-preprint.pdf , page8 used o
n input line 79.
(pdftex.def)             Requested size: 614.58406pt x 795.3441pt.
File: /home/hatch/workspace/goals/the-continuation-test-paper/files/computing-m
achinery-and-understanding-v1-13-preprint.pdf Graphic file (type pdf)
<use /home/hatch/workspace/goals/the-continuation-test-paper/files/computing-ma
chinery-and-understanding-v1-13-preprint.pdf, page 8>
Package pdftex.def Info: /home/hatch/workspace/goals/the-continuation-test-pape
r/files/computing-machinery-and-understanding-v1-13-preprint.pdf , page8 used o
n input line 79.
(pdftex.def)             Requested size: 614.58406pt x 795.3441pt.
File: /home/hatch/workspace/goals/the-continuation-test-paper/files/computing-m
achinery-and-understanding-v1-13-preprint.pdf Graphic file (type pdf)
<use /home/hatch/workspace/goals/the-continuation-test-paper/files/computing-ma
chinery-and-understanding-v1-13-preprint.pdf, page 8>
Package pdftex.def Info: /home/hatch/workspace/goals/the-continuation-test-pape
r/files/computing-machinery-and-understanding-v1-13-preprint.pdf , page8 used o
n input line 79.
(pdftex.def)             Requested size: 614.58406pt x 795.3441pt.
 [17

 </home/hatch/workspace/goals/the-continuation-test-paper/files/computing-machi
nery-and-understanding-v1-13-preprint.pdf>]
</home/hatch/workspace/goals/the-continuation-test-paper/files/computing-machin
ery-and-understanding-v1-13-preprint.pdf, id=326, page=9, 614.295pt x 794.97pt>

File: /home/hatch/workspace/goals/the-continuation-test-paper/files/computing-m
achinery-and-understanding-v1-13-preprint.pdf Graphic file (type pdf)
<use /home/hatch/workspace/goals/the-continuation-test-paper/files/computing-ma
chinery-and-understanding-v1-13-preprint.pdf, page 9>
Package pdftex.def Info: /home/hatch/workspace/goals/the-continuation-test-pape
r/files/computing-machinery-and-understanding-v1-13-preprint.pdf , page9 used o
n input line 79.
(pdftex.def)             Requested size: 614.58406pt x 795.3441pt.
File: /home/hatch/workspace/goals/the-continuation-test-paper/files/computing-m
achinery-and-understanding-v1-13-preprint.pdf Graphic file (type pdf)
<use /home/hatch/workspace/goals/the-continuation-test-paper/files/computing-ma
chinery-and-understanding-v1-13-preprint.pdf, page 9>
Package pdftex.def Info: /home/hatch/workspace/goals/the-continuation-test-pape
r/files/computing-machinery-and-understanding-v1-13-preprint.pdf , page9 used o
n input line 79.
(pdftex.def)             Requested size: 614.58406pt x 795.3441pt.
File: /home/hatch/workspace/goals/the-continuation-test-paper/files/computing-m
achinery-and-understanding-v1-13-preprint.pdf Graphic file (type pdf)
<use /home/hatch/workspace/goals/the-continuation-test-paper/files/computing-ma
chinery-and-understanding-v1-13-preprint.pdf, page 9>
Package pdftex.def Info: /home/hatch/workspace/goals/the-continuation-test-pape
r/files/computing-machinery-and-understanding-v1-13-preprint.pdf , page9 used o
n input line 79.
(pdftex.def)             Requested size: 614.58406pt x 795.3441pt.
 [18

 </home/hatch/workspace/goals/the-continuation-test-paper/files/computing-machi
nery-and-understanding-v1-13-preprint.pdf>]
</home/hatch/workspace/goals/the-continuation-test-paper/files/computing-machin
ery-and-understanding-v1-13-preprint.pdf, id=337, page=10, 614.295pt x 794.97pt
>
File: /home/hatch/workspace/goals/the-continuation-test-paper/files/computing-m
achinery-and-understanding-v1-13-preprint.pdf Graphic file (type pdf)
<use /home/hatch/workspace/goals/the-continuation-test-paper/files/computing-ma
chinery-and-understanding-v1-13-preprint.pdf, page 10>
Package pdftex.def Info: /home/hatch/workspace/goals/the-continuation-test-pape
r/files/computing-machinery-and-understanding-v1-13-preprint.pdf , page10 used 
on input line 79.
(pdftex.def)             Requested size: 614.58406pt x 795.3441pt.
File: /home/hatch/workspace/goals/the-continuation-test-paper/files/computing-m
achinery-and-understanding-v1-13-preprint.pdf Graphic file (type pdf)
<use /home/hatch/workspace/goals/the-continuation-test-paper/files/computing-ma
chinery-and-understanding-v1-13-preprint.pdf, page 10>
Package pdftex.def Info: /home/hatch/workspace/goals/the-continuation-test-pape
r/files/computing-machinery-and-understanding-v1-13-preprint.pdf , page10 used 
on input line 79.
(pdftex.def)             Requested size: 614.58406pt x 795.3441pt.
File: /home/hatch/workspace/goals/the-continuation-test-paper/files/computing-m
achinery-and-understanding-v1-13-preprint.pdf Graphic file (type pdf)
<use /home/hatch/workspace/goals/the-continuation-test-paper/files/computing-ma
chinery-and-understanding-v1-13-preprint.pdf, page 10>
Package pdftex.def Info: /home/hatch/workspace/goals/the-continuation-test-pape
r/files/computing-machinery-and-understanding-v1-13-preprint.pdf , page10 used 
on input line 79.
(pdftex.def)             Requested size: 614.58406pt x 795.3441pt.
 [19

 </home/hatch/workspace/goals/the-continuation-test-paper/files/computing-machi
nery-and-understanding-v1-13-preprint.pdf>]
</home/hatch/workspace/goals/the-continuation-test-paper/files/computing-machin
ery-and-understanding-v1-13-preprint.pdf, id=355, page=11, 614.295pt x 794.97pt
>
File: /home/hatch/workspace/goals/the-continuation-test-paper/files/computing-m
achinery-and-understanding-v1-13-preprint.pdf Graphic file (type pdf)
<use /home/hatch/workspace/goals/the-continuation-test-paper/files/computing-ma
chinery-and-understanding-v1-13-preprint.pdf, page 11>
Package pdftex.def Info: /home/hatch/workspace/goals/the-continuation-test-pape
r/files/computing-machinery-and-understanding-v1-13-preprint.pdf , page11 used 
on input line 79.
(pdftex.def)             Requested size: 614.58406pt x 795.3441pt.
File: /home/hatch/workspace/goals/the-continuation-test-paper/files/computing-m
achinery-and-understanding-v1-13-preprint.pdf Graphic file (type pdf)
<use /home/hatch/workspace/goals/the-continuation-test-paper/files/computing-ma
chinery-and-understanding-v1-13-preprint.pdf, page 11>
Package pdftex.def Info: /home/hatch/workspace/goals/the-continuation-test-pape
r/files/computing-machinery-and-understanding-v1-13-preprint.pdf , page11 used 
on input line 79.
(pdftex.def)             Requested size: 614.58406pt x 795.3441pt.
File: /home/hatch/workspace/goals/the-continuation-test-paper/files/computing-m
achinery-and-understanding-v1-13-preprint.pdf Graphic file (type pdf)
<use /home/hatch/workspace/goals/the-continuation-test-paper/files/computing-ma
chinery-and-understanding-v1-13-preprint.pdf, page 11>
Package pdftex.def Info: /home/hatch/workspace/goals/the-continuation-test-pape
r/files/computing-machinery-and-understanding-v1-13-preprint.pdf , page11 used 
on input line 79.
(pdftex.def)             Requested size: 614.58406pt x 795.3441pt.
 [20

 </home/hatch/workspace/goals/the-continuation-test-paper/files/computing-machi
nery-and-understanding-v1-13-preprint.pdf>]
</home/hatch/workspace/goals/the-continuation-test-paper/files/computing-machin
ery-and-understanding-v1-13-preprint.pdf, id=360, page=12, 614.295pt x 794.97pt
>
File: /home/hatch/workspace/goals/the-continuation-test-paper/files/computing-m
achinery-and-understanding-v1-13-preprint.pdf Graphic file (type pdf)
<use /home/hatch/workspace/goals/the-continuation-test-paper/files/computing-ma
chinery-and-understanding-v1-13-preprint.pdf, page 12>
Package pdftex.def Info: /home/hatch/workspace/goals/the-continuation-test-pape
r/files/computing-machinery-and-understanding-v1-13-preprint.pdf , page12 used 
on input line 79.
(pdftex.def)             Requested size: 614.58406pt x 795.3441pt.
File: /home/hatch/workspace/goals/the-continuation-test-paper/files/computing-m
achinery-and-understanding-v1-13-preprint.pdf Graphic file (type pdf)
<use /home/hatch/workspace/goals/the-continuation-test-paper/files/computing-ma
chinery-and-understanding-v1-13-preprint.pdf, page 12>
Package pdftex.def Info: /home/hatch/workspace/goals/the-continuation-test-pape
r/files/computing-machinery-and-understanding-v1-13-preprint.pdf , page12 used 
on input line 79.
(pdftex.def)             Requested size: 614.58406pt x 795.3441pt.
File: /home/hatch/workspace/goals/the-continuation-test-paper/files/computing-m
achinery-and-understanding-v1-13-preprint.pdf Graphic file (type pdf)
<use /home/hatch/workspace/goals/the-continuation-test-paper/files/computing-ma
chinery-and-understanding-v1-13-preprint.pdf, page 12>
Package pdftex.def Info: /home/hatch/workspace/goals/the-continuation-test-pape
r/files/computing-machinery-and-understanding-v1-13-preprint.pdf , page12 used 
on input line 79.
(pdftex.def)             Requested size: 614.58406pt x 795.3441pt.
 [21

 </home/hatch/workspace/goals/the-continuation-test-paper/files/computing-machi
nery-and-understanding-v1-13-preprint.pdf>]
</home/hatch/workspace/goals/the-continuation-test-paper/files/computing-machin
ery-and-understanding-v1-13-preprint.pdf, id=366, page=13, 614.295pt x 794.97pt
>
File: /home/hatch/workspace/goals/the-continuation-test-paper/files/computing-m
achinery-and-understanding-v1-13-preprint.pdf Graphic file (type pdf)
<use /home/hatch/workspace/goals/the-continuation-test-paper/files/computing-ma
chinery-and-understanding-v1-13-preprint.pdf, page 13>
Package pdftex.def Info: /home/hatch/workspace/goals/the-continuation-test-pape
r/files/computing-machinery-and-understanding-v1-13-preprint.pdf , page13 used 
on input line 79.
(pdftex.def)             Requested size: 614.58406pt x 795.3441pt.
File: /home/hatch/workspace/goals/the-continuation-test-paper/files/computing-m
achinery-and-understanding-v1-13-preprint.pdf Graphic file (type pdf)
<use /home/hatch/workspace/goals/the-continuation-test-paper/files/computing-ma
chinery-and-understanding-v1-13-preprint.pdf, page 13>
Package pdftex.def Info: /home/hatch/workspace/goals/the-continuation-test-pape
r/files/computing-machinery-and-understanding-v1-13-preprint.pdf , page13 used 
on input line 79.
(pdftex.def)             Requested size: 614.58406pt x 795.3441pt.
File: /home/hatch/workspace/goals/the-continuation-test-paper/files/computing-m
achinery-and-understanding-v1-13-preprint.pdf Graphic file (type pdf)
<use /home/hatch/workspace/goals/the-continuation-test-paper/files/computing-ma
chinery-and-understanding-v1-13-preprint.pdf, page 13>
Package pdftex.def Info: /home/hatch/workspace/goals/the-continuation-test-pape
r/files/computing-machinery-and-understanding-v1-13-preprint.pdf , page13 used 
on input line 79.
(pdftex.def)             Requested size: 614.58406pt x 795.3441pt.
 [22

 </home/hatch/workspace/goals/the-continuation-test-paper/files/computing-machi
nery-and-understanding-v1-13-preprint.pdf>]
</home/hatch/workspace/goals/the-continuation-test-paper/files/computing-machin
ery-and-understanding-v1-13-preprint.pdf, id=375, page=14, 614.295pt x 794.97pt
>
File: /home/hatch/workspace/goals/the-continuation-test-paper/files/computing-m
achinery-and-understanding-v1-13-preprint.pdf Graphic file (type pdf)
<use /home/hatch/workspace/goals/the-continuation-test-paper/files/computing-ma
chinery-and-understanding-v1-13-preprint.pdf, page 14>
Package pdftex.def Info: /home/hatch/workspace/goals/the-continuation-test-pape
r/files/computing-machinery-and-understanding-v1-13-preprint.pdf , page14 used 
on input line 79.
(pdftex.def)             Requested size: 614.58406pt x 795.3441pt.
File: /home/hatch/workspace/goals/the-continuation-test-paper/files/computing-m
achinery-and-understanding-v1-13-preprint.pdf Graphic file (type pdf)
<use /home/hatch/workspace/goals/the-continuation-test-paper/files/computing-ma
chinery-and-understanding-v1-13-preprint.pdf, page 14>
Package pdftex.def Info: /home/hatch/workspace/goals/the-continuation-test-pape
r/files/computing-machinery-and-understanding-v1-13-preprint.pdf , page14 used 
on input line 79.
(pdftex.def)             Requested size: 614.58406pt x 795.3441pt.
File: /home/hatch/workspace/goals/the-continuation-test-paper/files/computing-m
achinery-and-understanding-v1-13-preprint.pdf Graphic file (type pdf)
<use /home/hatch/workspace/goals/the-continuation-test-paper/files/computing-ma
chinery-and-understanding-v1-13-preprint.pdf, page 14>
Package pdftex.def Info: /home/hatch/workspace/goals/the-continuation-test-pape
r/files/computing-machinery-and-understanding-v1-13-preprint.pdf , page14 used 
on input line 79.
(pdftex.def)             Requested size: 614.58406pt x 795.3441pt.
 [23

 </home/hatch/workspace/goals/the-continuation-test-paper/files/computing-machi
nery-and-understanding-v1-13-preprint.pdf>]
</home/hatch/workspace/goals/the-continuation-test-paper/files/computing-machin
ery-and-understanding-v1-13-preprint.pdf, id=380, page=15, 614.295pt x 794.97pt
>
File: /home/hatch/workspace/goals/the-continuation-test-paper/files/computing-m
achinery-and-understanding-v1-13-preprint.pdf Graphic file (type pdf)
<use /home/hatch/workspace/goals/the-continuation-test-paper/files/computing-ma
chinery-and-understanding-v1-13-preprint.pdf, page 15>
Package pdftex.def Info: /home/hatch/workspace/goals/the-continuation-test-pape
r/files/computing-machinery-and-understanding-v1-13-preprint.pdf , page15 used 
on input line 79.
(pdftex.def)             Requested size: 614.58406pt x 795.3441pt.
File: /home/hatch/workspace/goals/the-continuation-test-paper/files/computing-m
achinery-and-understanding-v1-13-preprint.pdf Graphic file (type pdf)
<use /home/hatch/workspace/goals/the-continuation-test-paper/files/computing-ma
chinery-and-understanding-v1-13-preprint.pdf, page 15>
Package pdftex.def Info: /home/hatch/workspace/goals/the-continuation-test-pape
r/files/computing-machinery-and-understanding-v1-13-preprint.pdf , page15 used 
on input line 79.
(pdftex.def)             Requested size: 614.58406pt x 795.3441pt.
File: /home/hatch/workspace/goals/the-continuation-test-paper/files/computing-m
achinery-and-understanding-v1-13-preprint.pdf Graphic file (type pdf)
<use /home/hatch/workspace/goals/the-continuation-test-paper/files/computing-ma
chinery-and-understanding-v1-13-preprint.pdf, page 15>
Package pdftex.def Info: /home/hatch/workspace/goals/the-continuation-test-pape
r/files/computing-machinery-and-understanding-v1-13-preprint.pdf , page15 used 
on input line 79.
(pdftex.def)             Requested size: 614.58406pt x 795.3441pt.
 [24

 </home/hatch/workspace/goals/the-continuation-test-paper/files/computing-machi
nery-and-understanding-v1-13-preprint.pdf>]
</home/hatch/workspace/goals/the-continuation-test-paper/files/computing-machin
ery-and-understanding-v1-13-preprint.pdf, id=385, page=16, 614.295pt x 794.97pt
>
File: /home/hatch/workspace/goals/the-continuation-test-paper/files/computing-m
achinery-and-understanding-v1-13-preprint.pdf Graphic file (type pdf)
<use /home/hatch/workspace/goals/the-continuation-test-paper/files/computing-ma
chinery-and-understanding-v1-13-preprint.pdf, page 16>
Package pdftex.def Info: /home/hatch/workspace/goals/the-continuation-test-pape
r/files/computing-machinery-and-understanding-v1-13-preprint.pdf , page16 used 
on input line 79.
(pdftex.def)             Requested size: 614.58406pt x 795.3441pt.
File: /home/hatch/workspace/goals/the-continuation-test-paper/files/computing-m
achinery-and-understanding-v1-13-preprint.pdf Graphic file (type pdf)
<use /home/hatch/workspace/goals/the-continuation-test-paper/files/computing-ma
chinery-and-understanding-v1-13-preprint.pdf, page 16>
Package pdftex.def Info: /home/hatch/workspace/goals/the-continuation-test-pape
r/files/computing-machinery-and-understanding-v1-13-preprint.pdf , page16 used 
on input line 79.
(pdftex.def)             Requested size: 614.58406pt x 795.3441pt.
File: /home/hatch/workspace/goals/the-continuation-test-paper/files/computing-m
achinery-and-understanding-v1-13-preprint.pdf Graphic file (type pdf)
<use /home/hatch/workspace/goals/the-continuation-test-paper/files/computing-ma
chinery-and-understanding-v1-13-preprint.pdf, page 16>
Package pdftex.def Info: /home/hatch/workspace/goals/the-continuation-test-pape
r/files/computing-machinery-and-understanding-v1-13-preprint.pdf , page16 used 
on input line 79.
(pdftex.def)             Requested size: 614.58406pt x 795.3441pt.
[25

 </home/hatch/workspace/goals/the-continuation-test-paper/files/computing-machi
nery-and-understanding-v1-13-preprint.pdf>]
</home/hatch/workspace/goals/the-continuation-test-paper/files/computing-machin
ery-and-understanding-v1-13-preprint.pdf, id=391, page=17, 614.295pt x 794.97pt
>
File: /home/hatch/workspace/goals/the-continuation-test-paper/files/computing-m
achinery-and-understanding-v1-13-preprint.pdf Graphic file (type pdf)
<use /home/hatch/workspace/goals/the-continuation-test-paper/files/computing-ma
chinery-and-understanding-v1-13-preprint.pdf, page 17>
Package pdftex.def Info: /home/hatch/workspace/goals/the-continuation-test-pape
r/files/computing-machinery-and-understanding-v1-13-preprint.pdf , page17 used 
on input line 79.
(pdftex.def)             Requested size: 614.58406pt x 795.3441pt.
File: /home/hatch/workspace/goals/the-continuation-test-paper/files/computing-m
achinery-and-understanding-v1-13-preprint.pdf Graphic file (type pdf)
<use /home/hatch/workspace/goals/the-continuation-test-paper/files/computing-ma
chinery-and-understanding-v1-13-preprint.pdf, page 17>
Package pdftex.def Info: /home/hatch/workspace/goals/the-continuation-test-pape
r/files/computing-machinery-and-understanding-v1-13-preprint.pdf , page17 used 
on input line 79.
(pdftex.def)             Requested size: 614.58406pt x 795.3441pt.
File: /home/hatch/workspace/goals/the-continuation-test-paper/files/computing-m
achinery-and-understanding-v1-13-preprint.pdf Graphic file (type pdf)
<use /home/hatch/workspace/goals/the-continuation-test-paper/files/computing-ma
chinery-and-understanding-v1-13-preprint.pdf, page 17>
Package pdftex.def Info: /home/hatch/workspace/goals/the-continuation-test-pape
r/files/computing-machinery-and-understanding-v1-13-preprint.pdf , page17 used 
on input line 79.
(pdftex.def)             Requested size: 614.58406pt x 795.3441pt.
 [26

 </home/hatch/workspace/goals/the-continuation-test-paper/files/computing-machi
nery-and-understanding-v1-13-preprint.pdf>]
</home/hatch/workspace/goals/the-continuation-test-paper/files/computing-machin
ery-and-understanding-v1-13-preprint.pdf, id=402, page=18, 614.295pt x 794.97pt
>
File: /home/hatch/workspace/goals/the-continuation-test-paper/files/computing-m
achinery-and-understanding-v1-13-preprint.pdf Graphic file (type pdf)
<use /home/hatch/workspace/goals/the-continuation-test-paper/files/computing-ma
chinery-and-understanding-v1-13-preprint.pdf, page 18>
Package pdftex.def Info: /home/hatch/workspace/goals/the-continuation-test-pape
r/files/computing-machinery-and-understanding-v1-13-preprint.pdf , page18 used 
on input line 79.
(pdftex.def)             Requested size: 614.58406pt x 795.3441pt.
File: /home/hatch/workspace/goals/the-continuation-test-paper/files/computing-m
achinery-and-understanding-v1-13-preprint.pdf Graphic file (type pdf)
<use /home/hatch/workspace/goals/the-continuation-test-paper/files/computing-ma
chinery-and-understanding-v1-13-preprint.pdf, page 18>
Package pdftex.def Info: /home/hatch/workspace/goals/the-continuation-test-pape
r/files/computing-machinery-and-understanding-v1-13-preprint.pdf , page18 used 
on input line 79.
(pdftex.def)             Requested size: 614.58406pt x 795.3441pt.
File: /home/hatch/workspace/goals/the-continuation-test-paper/files/computing-m
achinery-and-understanding-v1-13-preprint.pdf Graphic file (type pdf)
<use /home/hatch/workspace/goals/the-continuation-test-paper/files/computing-ma
chinery-and-understanding-v1-13-preprint.pdf, page 18>
Package pdftex.def Info: /home/hatch/workspace/goals/the-continuation-test-pape
r/files/computing-machinery-and-understanding-v1-13-preprint.pdf , page18 used 
on input line 79.
(pdftex.def)             Requested size: 614.58406pt x 795.3441pt.
 [27

 </home/hatch/workspace/goals/the-continuation-test-paper/files/computing-machi
nery-and-understanding-v1-13-preprint.pdf>]
</home/hatch/workspace/goals/the-continuation-test-paper/files/computing-machin
ery-and-understanding-v1-13-preprint.pdf, id=407, page=19, 614.295pt x 794.97pt
>
File: /home/hatch/workspace/goals/the-continuation-test-paper/files/computing-m
achinery-and-understanding-v1-13-preprint.pdf Graphic file (type pdf)
<use /home/hatch/workspace/goals/the-continuation-test-paper/files/computing-ma
chinery-and-understanding-v1-13-preprint.pdf, page 19>
Package pdftex.def Info: /home/hatch/workspace/goals/the-continuation-test-pape
r/files/computing-machinery-and-understanding-v1-13-preprint.pdf , page19 used 
on input line 79.
(pdftex.def)             Requested size: 614.58406pt x 795.3441pt.
File: /home/hatch/workspace/goals/the-continuation-test-paper/files/computing-m
achinery-and-understanding-v1-13-preprint.pdf Graphic file (type pdf)
<use /home/hatch/workspace/goals/the-continuation-test-paper/files/computing-ma
chinery-and-understanding-v1-13-preprint.pdf, page 19>
Package pdftex.def Info: /home/hatch/workspace/goals/the-continuation-test-pape
r/files/computing-machinery-and-understanding-v1-13-preprint.pdf , page19 used 
on input line 79.
(pdftex.def)             Requested size: 614.58406pt x 795.3441pt.
File: /home/hatch/workspace/goals/the-continuation-test-paper/files/computing-m
achinery-and-understanding-v1-13-preprint.pdf Graphic file (type pdf)
<use /home/hatch/workspace/goals/the-continuation-test-paper/files/computing-ma
chinery-and-understanding-v1-13-preprint.pdf, page 19>
Package pdftex.def Info: /home/hatch/workspace/goals/the-continuation-test-pape
r/files/computing-machinery-and-understanding-v1-13-preprint.pdf , page19 used 
on input line 79.
(pdftex.def)             Requested size: 614.58406pt x 795.3441pt.
 [28

 </home/hatch/workspace/goals/the-continuation-test-paper/files/computing-machi
nery-and-understanding-v1-13-preprint.pdf>]
</home/hatch/workspace/goals/the-continuation-test-paper/files/computing-machin
ery-and-understanding-v1-13-preprint.pdf, id=412, page=20, 614.295pt x 794.97pt
>
File: /home/hatch/workspace/goals/the-continuation-test-paper/files/computing-m
achinery-and-understanding-v1-13-preprint.pdf Graphic file (type pdf)
<use /home/hatch/workspace/goals/the-continuation-test-paper/files/computing-ma
chinery-and-understanding-v1-13-preprint.pdf, page 20>
Package pdftex.def Info: /home/hatch/workspace/goals/the-continuation-test-pape
r/files/computing-machinery-and-understanding-v1-13-preprint.pdf , page20 used 
on input line 79.
(pdftex.def)             Requested size: 614.58406pt x 795.3441pt.
File: /home/hatch/workspace/goals/the-continuation-test-paper/files/computing-m
achinery-and-understanding-v1-13-preprint.pdf Graphic file (type pdf)
<use /home/hatch/workspace/goals/the-continuation-test-paper/files/computing-ma
chinery-and-understanding-v1-13-preprint.pdf, page 20>
Package pdftex.def Info: /home/hatch/workspace/goals/the-continuation-test-pape
r/files/computing-machinery-and-understanding-v1-13-preprint.pdf , page20 used 
on input line 79.
(pdftex.def)             Requested size: 614.58406pt x 795.3441pt.
File: /home/hatch/workspace/goals/the-continuation-test-paper/files/computing-m
achinery-and-understanding-v1-13-preprint.pdf Graphic file (type pdf)
<use /home/hatch/workspace/goals/the-continuation-test-paper/files/computing-ma
chinery-and-understanding-v1-13-preprint.pdf, page 20>
Package pdftex.def Info: /home/hatch/workspace/goals/the-continuation-test-pape
r/files/computing-machinery-and-understanding-v1-13-preprint.pdf , page20 used 
on input line 79.
(pdftex.def)             Requested size: 614.58406pt x 795.3441pt.
 [29

 </home/hatch/workspace/goals/the-continuation-test-paper/files/computing-machi
nery-and-understanding-v1-13-preprint.pdf>]
</home/hatch/workspace/goals/the-continuation-test-paper/files/computing-machin
ery-and-understanding-v1-13-preprint.pdf, id=417, page=21, 614.295pt x 794.97pt
>
File: /home/hatch/workspace/goals/the-continuation-test-paper/files/computing-m
achinery-and-understanding-v1-13-preprint.pdf Graphic file (type pdf)
<use /home/hatch/workspace/goals/the-continuation-test-paper/files/computing-ma
chinery-and-understanding-v1-13-preprint.pdf, page 21>
Package pdftex.def Info: /home/hatch/workspace/goals/the-continuation-test-pape
r/files/computing-machinery-and-understanding-v1-13-preprint.pdf , page21 used 
on input line 79.
(pdftex.def)             Requested size: 614.58406pt x 795.3441pt.
File: /home/hatch/workspace/goals/the-continuation-test-paper/files/computing-m
achinery-and-understanding-v1-13-preprint.pdf Graphic file (type pdf)
<use /home/hatch/workspace/goals/the-continuation-test-paper/files/computing-ma
chinery-and-understanding-v1-13-preprint.pdf, page 21>
Package pdftex.def Info: /home/hatch/workspace/goals/the-continuation-test-pape
r/files/computing-machinery-and-understanding-v1-13-preprint.pdf , page21 used 
on input line 79.
(pdftex.def)             Requested size: 614.58406pt x 795.3441pt.
File: /home/hatch/workspace/goals/the-continuation-test-paper/files/computing-m
achinery-and-understanding-v1-13-preprint.pdf Graphic file (type pdf)
<use /home/hatch/workspace/goals/the-continuation-test-paper/files/computing-ma
chinery-and-understanding-v1-13-preprint.pdf, page 21>
Package pdftex.def Info: /home/hatch/workspace/goals/the-continuation-test-pape
r/files/computing-machinery-and-understanding-v1-13-preprint.pdf , page21 used 
on input line 79.
(pdftex.def)             Requested size: 614.58406pt x 795.3441pt.

[30

 </home/hatch/workspace/goals/the-continuation-test-paper/files/computing-machi
nery-and-understanding-v1-13-preprint.pdf>]
</home/hatch/workspace/goals/the-continuation-test-paper/files/computing-machin
ery-and-understanding-v1-13-preprint.pdf, id=422, page=22, 614.295pt x 794.97pt
>
File: /home/hatch/workspace/goals/the-continuation-test-paper/files/computing-m
achinery-and-understanding-v1-13-preprint.pdf Graphic file (type pdf)
<use /home/hatch/workspace/goals/the-continuation-test-paper/files/computing-ma
chinery-and-understanding-v1-13-preprint.pdf, page 22>
Package pdftex.def Info: /home/hatch/workspace/goals/the-continuation-test-pape
r/files/computing-machinery-and-understanding-v1-13-preprint.pdf , page22 used 
on input line 79.
(pdftex.def)             Requested size: 614.58406pt x 795.3441pt.
File: /home/hatch/workspace/goals/the-continuation-test-paper/files/computing-m
achinery-and-understanding-v1-13-preprint.pdf Graphic file (type pdf)
<use /home/hatch/workspace/goals/the-continuation-test-paper/files/computing-ma
chinery-and-understanding-v1-13-preprint.pdf, page 22>
Package pdftex.def Info: /home/hatch/workspace/goals/the-continuation-test-pape
r/files/computing-machinery-and-understanding-v1-13-preprint.pdf , page22 used 
on input line 79.
(pdftex.def)             Requested size: 614.58406pt x 795.3441pt.
File: /home/hatch/workspace/goals/the-continuation-test-paper/files/computing-m
achinery-and-understanding-v1-13-preprint.pdf Graphic file (type pdf)
<use /home/hatch/workspace/goals/the-continuation-test-paper/files/computing-ma
chinery-and-understanding-v1-13-preprint.pdf, page 22>
Package pdftex.def Info: /home/hatch/workspace/goals/the-continuation-test-pape
r/files/computing-machinery-and-understanding-v1-13-preprint.pdf , page22 used 
on input line 79.
(pdftex.def)             Requested size: 614.58406pt x 795.3441pt.
 [31

 </home/hatch/workspace/goals/the-continuation-test-paper/files/computing-machi
nery-and-understanding-v1-13-preprint.pdf>]
</home/hatch/workspace/goals/the-continuation-test-paper/files/computing-machin
ery-and-understanding-v1-13-preprint.pdf, id=428, page=23, 614.295pt x 794.97pt
>
File: /home/hatch/workspace/goals/the-continuation-test-paper/files/computing-m
achinery-and-understanding-v1-13-preprint.pdf Graphic file (type pdf)
<use /home/hatch/workspace/goals/the-continuation-test-paper/files/computing-ma
chinery-and-understanding-v1-13-preprint.pdf, page 23>
Package pdftex.def Info: /home/hatch/workspace/goals/the-continuation-test-pape
r/files/computing-machinery-and-understanding-v1-13-preprint.pdf , page23 used 
on input line 79.
(pdftex.def)             Requested size: 614.58406pt x 795.3441pt.
File: /home/hatch/workspace/goals/the-continuation-test-paper/files/computing-m
achinery-and-understanding-v1-13-preprint.pdf Graphic file (type pdf)
<use /home/hatch/workspace/goals/the-continuation-test-paper/files/computing-ma
chinery-and-understanding-v1-13-preprint.pdf, page 23>
Package pdftex.def Info: /home/hatch/workspace/goals/the-continuation-test-pape
r/files/computing-machinery-and-understanding-v1-13-preprint.pdf , page23 used 
on input line 79.
(pdftex.def)             Requested size: 614.58406pt x 795.3441pt.
File: /home/hatch/workspace/goals/the-continuation-test-paper/files/computing-m
achinery-and-understanding-v1-13-preprint.pdf Graphic file (type pdf)
<use /home/hatch/workspace/goals/the-continuation-test-paper/files/computing-ma
chinery-and-understanding-v1-13-preprint.pdf, page 23>
Package pdftex.def Info: /home/hatch/workspace/goals/the-continuation-test-pape
r/files/computing-machinery-and-understanding-v1-13-preprint.pdf , page23 used 
on input line 79.
(pdftex.def)             Requested size: 614.58406pt x 795.3441pt.
 [32

 </home/hatch/workspace/goals/the-continuation-test-paper/files/computing-machi
nery-and-understanding-v1-13-preprint.pdf>]
</home/hatch/workspace/goals/the-continuation-test-paper/files/computing-machin
ery-and-understanding-v1-13-preprint.pdf, id=433, page=24, 614.295pt x 794.97pt
>
File: /home/hatch/workspace/goals/the-continuation-test-paper/files/computing-m
achinery-and-understanding-v1-13-preprint.pdf Graphic file (type pdf)
<use /home/hatch/workspace/goals/the-continuation-test-paper/files/computing-ma
chinery-and-understanding-v1-13-preprint.pdf, page 24>
Package pdftex.def Info: /home/hatch/workspace/goals/the-continuation-test-pape
r/files/computing-machinery-and-understanding-v1-13-preprint.pdf , page24 used 
on input line 79.
(pdftex.def)             Requested size: 614.58406pt x 795.3441pt.
File: /home/hatch/workspace/goals/the-continuation-test-paper/files/computing-m
achinery-and-understanding-v1-13-preprint.pdf Graphic file (type pdf)
<use /home/hatch/workspace/goals/the-continuation-test-paper/files/computing-ma
chinery-and-understanding-v1-13-preprint.pdf, page 24>
Package pdftex.def Info: /home/hatch/workspace/goals/the-continuation-test-pape
r/files/computing-machinery-and-understanding-v1-13-preprint.pdf , page24 used 
on input line 79.
(pdftex.def)             Requested size: 614.58406pt x 795.3441pt.
File: /home/hatch/workspace/goals/the-continuation-test-paper/files/computing-m
achinery-and-understanding-v1-13-preprint.pdf Graphic file (type pdf)
<use /home/hatch/workspace/goals/the-continuation-test-paper/files/computing-ma
chinery-and-understanding-v1-13-preprint.pdf, page 24>
Package pdftex.def Info: /home/hatch/workspace/goals/the-continuation-test-pape
r/files/computing-machinery-and-understanding-v1-13-preprint.pdf , page24 used 
on input line 79.
(pdftex.def)             Requested size: 614.58406pt x 795.3441pt.
 [33

 </home/hatch/workspace/goals/the-continuation-test-paper/files/computing-machi
nery-and-understanding-v1-13-preprint.pdf>]
</home/hatch/workspace/goals/the-continuation-test-paper/files/computing-machin
ery-and-understanding-v1-13-preprint.pdf, id=438, page=25, 614.295pt x 794.97pt
>
File: /home/hatch/workspace/goals/the-continuation-test-paper/files/computing-m
achinery-and-understanding-v1-13-preprint.pdf Graphic file (type pdf)
<use /home/hatch/workspace/goals/the-continuation-test-paper/files/computing-ma
chinery-and-understanding-v1-13-preprint.pdf, page 25>
Package pdftex.def Info: /home/hatch/workspace/goals/the-continuation-test-pape
r/files/computing-machinery-and-understanding-v1-13-preprint.pdf , page25 used 
on input line 79.
(pdftex.def)             Requested size: 614.58406pt x 795.3441pt.
File: /home/hatch/workspace/goals/the-continuation-test-paper/files/computing-m
achinery-and-understanding-v1-13-preprint.pdf Graphic file (type pdf)
<use /home/hatch/workspace/goals/the-continuation-test-paper/files/computing-ma
chinery-and-understanding-v1-13-preprint.pdf, page 25>
Package pdftex.def Info: /home/hatch/workspace/goals/the-continuation-test-pape
r/files/computing-machinery-and-understanding-v1-13-preprint.pdf , page25 used 
on input line 79.
(pdftex.def)             Requested size: 614.58406pt x 795.3441pt.
File: /home/hatch/workspace/goals/the-continuation-test-paper/files/computing-m
achinery-and-understanding-v1-13-preprint.pdf Graphic file (type pdf)
<use /home/hatch/workspace/goals/the-continuation-test-paper/files/computing-ma
chinery-and-understanding-v1-13-preprint.pdf, page 25>
Package pdftex.def Info: /home/hatch/workspace/goals/the-continuation-test-pape
r/files/computing-machinery-and-understanding-v1-13-preprint.pdf , page25 used 
on input line 79.
(pdftex.def)             Requested size: 614.58406pt x 795.3441pt.
 [34

 </home/hatch/workspace/goals/the-continuation-test-paper/files/computing-machi
nery-and-understanding-v1-13-preprint.pdf>]
</home/hatch/workspace/goals/the-continuation-test-paper/files/computing-machin
ery-and-understanding-v1-13-preprint.pdf, id=443, page=26, 614.295pt x 794.97pt
>
File: /home/hatch/workspace/goals/the-continuation-test-paper/files/computing-m
achinery-and-understanding-v1-13-preprint.pdf Graphic file (type pdf)
<use /home/hatch/workspace/goals/the-continuation-test-paper/files/computing-ma
chinery-and-understanding-v1-13-preprint.pdf, page 26>
Package pdftex.def Info: /home/hatch/workspace/goals/the-continuation-test-pape
r/files/computing-machinery-and-understanding-v1-13-preprint.pdf , page26 used 
on input line 79.
(pdftex.def)             Requested size: 614.58406pt x 795.3441pt.
File: /home/hatch/workspace/goals/the-continuation-test-paper/files/computing-m
achinery-and-understanding-v1-13-preprint.pdf Graphic file (type pdf)
<use /home/hatch/workspace/goals/the-continuation-test-paper/files/computing-ma
chinery-and-understanding-v1-13-preprint.pdf, page 26>
Package pdftex.def Info: /home/hatch/workspace/goals/the-continuation-test-pape
r/files/computing-machinery-and-understanding-v1-13-preprint.pdf , page26 used 
on input line 79.
(pdftex.def)             Requested size: 614.58406pt x 795.3441pt.
File: /home/hatch/workspace/goals/the-continuation-test-paper/files/computing-m
achinery-and-understanding-v1-13-preprint.pdf Graphic file (type pdf)
<use /home/hatch/workspace/goals/the-continuation-test-paper/files/computing-ma
chinery-and-understanding-v1-13-preprint.pdf, page 26>
Package pdftex.def Info: /home/hatch/workspace/goals/the-continuation-test-pape
r/files/computing-machinery-and-understanding-v1-13-preprint.pdf , page26 used 
on input line 79.
(pdftex.def)             Requested size: 614.58406pt x 795.3441pt.

[35

 </home/hatch/workspace/goals/the-continuation-test-paper/files/computing-machi
nery-and-understanding-v1-13-preprint.pdf>]
</home/hatch/workspace/goals/the-continuation-test-paper/files/computing-machin
ery-and-understanding-v1-13-preprint.pdf, id=448, page=27, 614.295pt x 794.97pt
>
File: /home/hatch/workspace/goals/the-continuation-test-paper/files/computing-m
achinery-and-understanding-v1-13-preprint.pdf Graphic file (type pdf)
<use /home/hatch/workspace/goals/the-continuation-test-paper/files/computing-ma
chinery-and-understanding-v1-13-preprint.pdf, page 27>
Package pdftex.def Info: /home/hatch/workspace/goals/the-continuation-test-pape
r/files/computing-machinery-and-understanding-v1-13-preprint.pdf , page27 used 
on input line 79.
(pdftex.def)             Requested size: 614.58406pt x 795.3441pt.
File: /home/hatch/workspace/goals/the-continuation-test-paper/files/computing-m
achinery-and-understanding-v1-13-preprint.pdf Graphic file (type pdf)
<use /home/hatch/workspace/goals/the-continuation-test-paper/files/computing-ma
chinery-and-understanding-v1-13-preprint.pdf, page 27>
Package pdftex.def Info: /home/hatch/workspace/goals/the-continuation-test-pape
r/files/computing-machinery-and-understanding-v1-13-preprint.pdf , page27 used 
on input line 79.
(pdftex.def)             Requested size: 614.58406pt x 795.3441pt.
File: /home/hatch/workspace/goals/the-continuation-test-paper/files/computing-m
achinery-and-understanding-v1-13-preprint.pdf Graphic file (type pdf)
<use /home/hatch/workspace/goals/the-continuation-test-paper/files/computing-ma
chinery-and-understanding-v1-13-preprint.pdf, page 27>
Package pdftex.def Info: /home/hatch/workspace/goals/the-continuation-test-pape
r/files/computing-machinery-and-understanding-v1-13-preprint.pdf , page27 used 
on input line 79.
(pdftex.def)             Requested size: 614.58406pt x 795.3441pt.
 [36

 </home/hatch/workspace/goals/the-continuation-test-paper/files/computing-machi
nery-and-understanding-v1-13-preprint.pdf>]
</home/hatch/workspace/goals/the-continuation-test-paper/files/computing-machin
ery-and-understanding-v1-13-preprint.pdf, id=453, page=28, 614.295pt x 794.97pt
>
File: /home/hatch/workspace/goals/the-continuation-test-paper/files/computing-m
achinery-and-understanding-v1-13-preprint.pdf Graphic file (type pdf)
<use /home/hatch/workspace/goals/the-continuation-test-paper/files/computing-ma
chinery-and-understanding-v1-13-preprint.pdf, page 28>
Package pdftex.def Info: /home/hatch/workspace/goals/the-continuation-test-pape
r/files/computing-machinery-and-understanding-v1-13-preprint.pdf , page28 used 
on input line 79.
(pdftex.def)             Requested size: 614.58406pt x 795.3441pt.
File: /home/hatch/workspace/goals/the-continuation-test-paper/files/computing-m
achinery-and-understanding-v1-13-preprint.pdf Graphic file (type pdf)
<use /home/hatch/workspace/goals/the-continuation-test-paper/files/computing-ma
chinery-and-understanding-v1-13-preprint.pdf, page 28>
Package pdftex.def Info: /home/hatch/workspace/goals/the-continuation-test-pape
r/files/computing-machinery-and-understanding-v1-13-preprint.pdf , page28 used 
on input line 79.
(pdftex.def)             Requested size: 614.58406pt x 795.3441pt.
File: /home/hatch/workspace/goals/the-continuation-test-paper/files/computing-m
achinery-and-understanding-v1-13-preprint.pdf Graphic file (type pdf)
<use /home/hatch/workspace/goals/the-continuation-test-paper/files/computing-ma
chinery-and-understanding-v1-13-preprint.pdf, page 28>
Package pdftex.def Info: /home/hatch/workspace/goals/the-continuation-test-pape
r/files/computing-machinery-and-understanding-v1-13-preprint.pdf , page28 used 
on input line 79.
(pdftex.def)             Requested size: 614.58406pt x 795.3441pt.
 [37

 </home/hatch/workspace/goals/the-continuation-test-paper/files/computing-machi
nery-and-understanding-v1-13-preprint.pdf>]
</home/hatch/workspace/goals/the-continuation-test-paper/files/computing-machin
ery-and-understanding-v1-13-preprint.pdf, id=465, page=29, 614.295pt x 794.97pt
>
File: /home/hatch/workspace/goals/the-continuation-test-paper/files/computing-m
achinery-and-understanding-v1-13-preprint.pdf Graphic file (type pdf)
<use /home/hatch/workspace/goals/the-continuation-test-paper/files/computing-ma
chinery-and-understanding-v1-13-preprint.pdf, page 29>
Package pdftex.def Info: /home/hatch/workspace/goals/the-continuation-test-pape
r/files/computing-machinery-and-understanding-v1-13-preprint.pdf , page29 used 
on input line 79.
(pdftex.def)             Requested size: 614.58406pt x 795.3441pt.
File: /home/hatch/workspace/goals/the-continuation-test-paper/files/computing-m
achinery-and-understanding-v1-13-preprint.pdf Graphic file (type pdf)
<use /home/hatch/workspace/goals/the-continuation-test-paper/files/computing-ma
chinery-and-understanding-v1-13-preprint.pdf, page 29>
Package pdftex.def Info: /home/hatch/workspace/goals/the-continuation-test-pape
r/files/computing-machinery-and-understanding-v1-13-preprint.pdf , page29 used 
on input line 79.
(pdftex.def)             Requested size: 614.58406pt x 795.3441pt.
File: /home/hatch/workspace/goals/the-continuation-test-paper/files/computing-m
achinery-and-understanding-v1-13-preprint.pdf Graphic file (type pdf)
<use /home/hatch/workspace/goals/the-continuation-test-paper/files/computing-ma
chinery-and-understanding-v1-13-preprint.pdf, page 29>
Package pdftex.def Info: /home/hatch/workspace/goals/the-continuation-test-pape
r/files/computing-machinery-and-understanding-v1-13-preprint.pdf , page29 used 
on input line 79.
(pdftex.def)             Requested size: 614.58406pt x 795.3441pt.
 [38

 </home/hatch/workspace/goals/the-continuation-test-paper/files/computing-machi
nery-and-understanding-v1-13-preprint.pdf>]
</home/hatch/workspace/goals/the-continuation-test-paper/files/computing-machin
ery-and-understanding-v1-13-preprint.pdf, id=476, page=30, 614.295pt x 794.97pt
>
File: /home/hatch/workspace/goals/the-continuation-test-paper/files/computing-m
achinery-and-understanding-v1-13-preprint.pdf Graphic file (type pdf)
<use /home/hatch/workspace/goals/the-continuation-test-paper/files/computing-ma
chinery-and-understanding-v1-13-preprint.pdf, page 30>
Package pdftex.def Info: /home/hatch/workspace/goals/the-continuation-test-pape
r/files/computing-machinery-and-understanding-v1-13-preprint.pdf , page30 used 
on input line 79.
(pdftex.def)             Requested size: 614.58406pt x 795.3441pt.
File: /home/hatch/workspace/goals/the-continuation-test-paper/files/computing-m
achinery-and-understanding-v1-13-preprint.pdf Graphic file (type pdf)
<use /home/hatch/workspace/goals/the-continuation-test-paper/files/computing-ma
chinery-and-understanding-v1-13-preprint.pdf, page 30>
Package pdftex.def Info: /home/hatch/workspace/goals/the-continuation-test-pape
r/files/computing-machinery-and-understanding-v1-13-preprint.pdf , page30 used 
on input line 79.
(pdftex.def)             Requested size: 614.58406pt x 795.3441pt.
File: /home/hatch/workspace/goals/the-continuation-test-paper/files/computing-m
achinery-and-understanding-v1-13-preprint.pdf Graphic file (type pdf)
<use /home/hatch/workspace/goals/the-continuation-test-paper/files/computing-ma
chinery-and-understanding-v1-13-preprint.pdf, page 30>
Package pdftex.def Info: /home/hatch/workspace/goals/the-continuation-test-pape
r/files/computing-machinery-and-understanding-v1-13-preprint.pdf , page30 used 
on input line 79.
(pdftex.def)             Requested size: 614.58406pt x 795.3441pt.
 [39

 </home/hatch/workspace/goals/the-continuation-test-paper/files/computing-machi
nery-and-understanding-v1-13-preprint.pdf>]
[40]
</home/hatch/workspace/goals/the-continuation-test-paper/files/computing-machin
ery-and-understanding-emergence-v1-7.pdf, id=485, 614.295pt x 794.97pt>
File: /home/hatch/workspace/goals/the-continuation-test-paper/files/computing-m
achinery-and-understanding-emergence-v1-7.pdf Graphic file (type pdf)
<use /home/hatch/workspace/goals/the-continuation-test-paper/files/computing-ma
chinery-and-understanding-emergence-v1-7.pdf>
Package pdftex.def Info: /home/hatch/workspace/goals/the-continuation-test-pape
r/files/computing-machinery-and-understanding-emergence-v1-7.pdf  used on input
 line 86.
(pdftex.def)             Requested size: 614.29349pt x 794.96806pt.
</home/hatch/workspace/goals/the-continuation-test-paper/files/computing-machin
ery-and-understanding-emergence-v1-7.pdf, id=487, page=1, 614.295pt x 794.97pt>

File: /home/hatch/workspace/goals/the-continuation-test-paper/files/computing-m
achinery-and-understanding-emergence-v1-7.pdf Graphic file (type pdf)
<use /home/hatch/workspace/goals/the-continuation-test-paper/files/computing-ma
chinery-and-understanding-emergence-v1-7.pdf, page 1>
Package pdftex.def Info: /home/hatch/workspace/goals/the-continuation-test-pape
r/files/computing-machinery-and-understanding-emergence-v1-7.pdf , page1 used o
n input line 86.
(pdftex.def)             Requested size: 614.29349pt x 794.96806pt.
File: /home/hatch/workspace/goals/the-continuation-test-paper/files/computing-m
achinery-and-understanding-emergence-v1-7.pdf Graphic file (type pdf)
<use /home/hatch/workspace/goals/the-continuation-test-paper/files/computing-ma
chinery-and-understanding-emergence-v1-7.pdf, page 1>
Package pdftex.def Info: /home/hatch/workspace/goals/the-continuation-test-pape
r/files/computing-machinery-and-understanding-emergence-v1-7.pdf , page1 used o
n input line 86.
(pdftex.def)             Requested size: 614.58406pt x 795.3441pt.
File: /home/hatch/workspace/goals/the-continuation-test-paper/files/computing-m
achinery-and-understanding-emergence-v1-7.pdf Graphic file (type pdf)
<use /home/hatch/workspace/goals/the-continuation-test-paper/files/computing-ma
chinery-and-understanding-emergence-v1-7.pdf, page 1>
Package pdftex.def Info: /home/hatch/workspace/goals/the-continuation-test-pape
r/files/computing-machinery-and-understanding-emergence-v1-7.pdf , page1 used o
n input line 86.
(pdftex.def)             Requested size: 614.58406pt x 795.3441pt.
File: /home/hatch/workspace/goals/the-continuation-test-paper/files/computing-m
achinery-and-understanding-emergence-v1-7.pdf Graphic file (type pdf)
<use /home/hatch/workspace/goals/the-continuation-test-paper/files/computing-ma
chinery-and-understanding-emergence-v1-7.pdf, page 1>
Package pdftex.def Info: /home/hatch/workspace/goals/the-continuation-test-pape
r/files/computing-machinery-and-understanding-emergence-v1-7.pdf , page1 used o
n input line 86.
(pdftex.def)             Requested size: 614.58406pt x 795.3441pt.
File: /home/hatch/workspace/goals/the-continuation-test-paper/files/computing-m
achinery-and-understanding-emergence-v1-7.pdf Graphic file (type pdf)
<use /home/hatch/workspace/goals/the-continuation-test-paper/files/computing-ma
chinery-and-understanding-emergence-v1-7.pdf, page 1>
Package pdftex.def Info: /home/hatch/workspace/goals/the-continuation-test-pape
r/files/computing-machinery-and-understanding-emergence-v1-7.pdf , page1 used o
n input line 86.
(pdftex.def)             Requested size: 614.58406pt x 795.3441pt.
 [41

 </home/hatch/workspace/goals/the-continuation-test-paper/files/computing-machi
nery-and-understanding-emergence-v1-7.pdf>]
</home/hatch/workspace/goals/the-continuation-test-paper/files/computing-machin
ery-and-understanding-emergence-v1-7.pdf, id=521, page=2, 614.295pt x 794.97pt>

File: /home/hatch/workspace/goals/the-continuation-test-paper/files/computing-m
achinery-and-understanding-emergence-v1-7.pdf Graphic file (type pdf)
<use /home/hatch/workspace/goals/the-continuation-test-paper/files/computing-ma
chinery-and-understanding-emergence-v1-7.pdf, page 2>
Package pdftex.def Info: /home/hatch/workspace/goals/the-continuation-test-pape
r/files/computing-machinery-and-understanding-emergence-v1-7.pdf , page2 used o
n input line 86.
(pdftex.def)             Requested size: 614.58406pt x 795.3441pt.
File: /home/hatch/workspace/goals/the-continuation-test-paper/files/computing-m
achinery-and-understanding-emergence-v1-7.pdf Graphic file (type pdf)
<use /home/hatch/workspace/goals/the-continuation-test-paper/files/computing-ma
chinery-and-understanding-emergence-v1-7.pdf, page 2>
Package pdftex.def Info: /home/hatch/workspace/goals/the-continuation-test-pape
r/files/computing-machinery-and-understanding-emergence-v1-7.pdf , page2 used o
n input line 86.
(pdftex.def)             Requested size: 614.58406pt x 795.3441pt.
File: /home/hatch/workspace/goals/the-continuation-test-paper/files/computing-m
achinery-and-understanding-emergence-v1-7.pdf Graphic file (type pdf)
<use /home/hatch/workspace/goals/the-continuation-test-paper/files/computing-ma
chinery-and-understanding-emergence-v1-7.pdf, page 2>
Package pdftex.def Info: /home/hatch/workspace/goals/the-continuation-test-pape
r/files/computing-machinery-and-understanding-emergence-v1-7.pdf , page2 used o
n input line 86.
(pdftex.def)             Requested size: 614.58406pt x 795.3441pt.
 [42

 </home/hatch/workspace/goals/the-continuation-test-paper/files/computing-machi
nery-and-understanding-emergence-v1-7.pdf>]
</home/hatch/workspace/goals/the-continuation-test-paper/files/computing-machin
ery-and-understanding-emergence-v1-7.pdf, id=543, page=3, 614.295pt x 794.97pt>

File: /home/hatch/workspace/goals/the-continuation-test-paper/files/computing-m
achinery-and-understanding-emergence-v1-7.pdf Graphic file (type pdf)
<use /home/hatch/workspace/goals/the-continuation-test-paper/files/computing-ma
chinery-and-understanding-emergence-v1-7.pdf, page 3>
Package pdftex.def Info: /home/hatch/workspace/goals/the-continuation-test-pape
r/files/computing-machinery-and-understanding-emergence-v1-7.pdf , page3 used o
n input line 86.
(pdftex.def)             Requested size: 614.58406pt x 795.3441pt.
File: /home/hatch/workspace/goals/the-continuation-test-paper/files/computing-m
achinery-and-understanding-emergence-v1-7.pdf Graphic file (type pdf)
<use /home/hatch/workspace/goals/the-continuation-test-paper/files/computing-ma
chinery-and-understanding-emergence-v1-7.pdf, page 3>
Package pdftex.def Info: /home/hatch/workspace/goals/the-continuation-test-pape
r/files/computing-machinery-and-understanding-emergence-v1-7.pdf , page3 used o
n input line 86.
(pdftex.def)             Requested size: 614.58406pt x 795.3441pt.
File: /home/hatch/workspace/goals/the-continuation-test-paper/files/computing-m
achinery-and-understanding-emergence-v1-7.pdf Graphic file (type pdf)
<use /home/hatch/workspace/goals/the-continuation-test-paper/files/computing-ma
chinery-and-understanding-emergence-v1-7.pdf, page 3>
Package pdftex.def Info: /home/hatch/workspace/goals/the-continuation-test-pape
r/files/computing-machinery-and-understanding-emergence-v1-7.pdf , page3 used o
n input line 86.
(pdftex.def)             Requested size: 614.58406pt x 795.3441pt.
 [43

 </home/hatch/workspace/goals/the-continuation-test-paper/files/computing-machi
nery-and-understanding-emergence-v1-7.pdf>]
</home/hatch/workspace/goals/the-continuation-test-paper/files/computing-machin
ery-and-understanding-emergence-v1-7.pdf, id=549, page=4, 614.295pt x 794.97pt>

File: /home/hatch/workspace/goals/the-continuation-test-paper/files/computing-m
achinery-and-understanding-emergence-v1-7.pdf Graphic file (type pdf)
<use /home/hatch/workspace/goals/the-continuation-test-paper/files/computing-ma
chinery-and-understanding-emergence-v1-7.pdf, page 4>
Package pdftex.def Info: /home/hatch/workspace/goals/the-continuation-test-pape
r/files/computing-machinery-and-understanding-emergence-v1-7.pdf , page4 used o
n input line 86.
(pdftex.def)             Requested size: 614.58406pt x 795.3441pt.
File: /home/hatch/workspace/goals/the-continuation-test-paper/files/computing-m
achinery-and-understanding-emergence-v1-7.pdf Graphic file (type pdf)
<use /home/hatch/workspace/goals/the-continuation-test-paper/files/computing-ma
chinery-and-understanding-emergence-v1-7.pdf, page 4>
Package pdftex.def Info: /home/hatch/workspace/goals/the-continuation-test-pape
r/files/computing-machinery-and-understanding-emergence-v1-7.pdf , page4 used o
n input line 86.
(pdftex.def)             Requested size: 614.58406pt x 795.3441pt.
File: /home/hatch/workspace/goals/the-continuation-test-paper/files/computing-m
achinery-and-understanding-emergence-v1-7.pdf Graphic file (type pdf)
<use /home/hatch/workspace/goals/the-continuation-test-paper/files/computing-ma
chinery-and-understanding-emergence-v1-7.pdf, page 4>
Package pdftex.def Info: /home/hatch/workspace/goals/the-continuation-test-pape
r/files/computing-machinery-and-understanding-emergence-v1-7.pdf , page4 used o
n input line 86.
(pdftex.def)             Requested size: 614.58406pt x 795.3441pt.
 [44

 </home/hatch/workspace/goals/the-continuation-test-paper/files/computing-machi
nery-and-understanding-emergence-v1-7.pdf>]
</home/hatch/workspace/goals/the-continuation-test-paper/files/computing-machin
ery-and-understanding-emergence-v1-7.pdf, id=554, page=5, 614.295pt x 794.97pt>

File: /home/hatch/workspace/goals/the-continuation-test-paper/files/computing-m
achinery-and-understanding-emergence-v1-7.pdf Graphic file (type pdf)
<use /home/hatch/workspace/goals/the-continuation-test-paper/files/computing-ma
chinery-and-understanding-emergence-v1-7.pdf, page 5>
Package pdftex.def Info: /home/hatch/workspace/goals/the-continuation-test-pape
r/files/computing-machinery-and-understanding-emergence-v1-7.pdf , page5 used o
n input line 86.
(pdftex.def)             Requested size: 614.58406pt x 795.3441pt.
File: /home/hatch/workspace/goals/the-continuation-test-paper/files/computing-m
achinery-and-understanding-emergence-v1-7.pdf Graphic file (type pdf)
<use /home/hatch/workspace/goals/the-continuation-test-paper/files/computing-ma
chinery-and-understanding-emergence-v1-7.pdf, page 5>
Package pdftex.def Info: /home/hatch/workspace/goals/the-continuation-test-pape
r/files/computing-machinery-and-understanding-emergence-v1-7.pdf , page5 used o
n input line 86.
(pdftex.def)             Requested size: 614.58406pt x 795.3441pt.
File: /home/hatch/workspace/goals/the-continuation-test-paper/files/computing-m
achinery-and-understanding-emergence-v1-7.pdf Graphic file (type pdf)
<use /home/hatch/workspace/goals/the-continuation-test-paper/files/computing-ma
chinery-and-understanding-emergence-v1-7.pdf, page 5>
Package pdftex.def Info: /home/hatch/workspace/goals/the-continuation-test-pape
r/files/computing-machinery-and-understanding-emergence-v1-7.pdf , page5 used o
n input line 86.
(pdftex.def)             Requested size: 614.58406pt x 795.3441pt.
 [45

 </home/hatch/workspace/goals/the-continuation-test-paper/files/computing-machi
nery-and-understanding-emergence-v1-7.pdf>]
</home/hatch/workspace/goals/the-continuation-test-paper/files/computing-machin
ery-and-understanding-emergence-v1-7.pdf, id=559, page=6, 614.295pt x 794.97pt>

File: /home/hatch/workspace/goals/the-continuation-test-paper/files/computing-m
achinery-and-understanding-emergence-v1-7.pdf Graphic file (type pdf)
<use /home/hatch/workspace/goals/the-continuation-test-paper/files/computing-ma
chinery-and-understanding-emergence-v1-7.pdf, page 6>
Package pdftex.def Info: /home/hatch/workspace/goals/the-continuation-test-pape
r/files/computing-machinery-and-understanding-emergence-v1-7.pdf , page6 used o
n input line 86.
(pdftex.def)             Requested size: 614.58406pt x 795.3441pt.
File: /home/hatch/workspace/goals/the-continuation-test-paper/files/computing-m
achinery-and-understanding-emergence-v1-7.pdf Graphic file (type pdf)
<use /home/hatch/workspace/goals/the-continuation-test-paper/files/computing-ma
chinery-and-understanding-emergence-v1-7.pdf, page 6>
Package pdftex.def Info: /home/hatch/workspace/goals/the-continuation-test-pape
r/files/computing-machinery-and-understanding-emergence-v1-7.pdf , page6 used o
n input line 86.
(pdftex.def)             Requested size: 614.58406pt x 795.3441pt.
File: /home/hatch/workspace/goals/the-continuation-test-paper/files/computing-m
achinery-and-understanding-emergence-v1-7.pdf Graphic file (type pdf)
<use /home/hatch/workspace/goals/the-continuation-test-paper/files/computing-ma
chinery-and-understanding-emergence-v1-7.pdf, page 6>
Package pdftex.def Info: /home/hatch/workspace/goals/the-continuation-test-pape
r/files/computing-machinery-and-understanding-emergence-v1-7.pdf , page6 used o
n input line 86.
(pdftex.def)             Requested size: 614.58406pt x 795.3441pt.
 [46

 </home/hatch/workspace/goals/the-continuation-test-paper/files/computing-machi
nery-and-understanding-emergence-v1-7.pdf>]
</home/hatch/workspace/goals/the-continuation-test-paper/files/computing-machin
ery-and-understanding-emergence-v1-7.pdf, id=564, page=7, 614.295pt x 794.97pt>

File: /home/hatch/workspace/goals/the-continuation-test-paper/files/computing-m
achinery-and-understanding-emergence-v1-7.pdf Graphic file (type pdf)
<use /home/hatch/workspace/goals/the-continuation-test-paper/files/computing-ma
chinery-and-understanding-emergence-v1-7.pdf, page 7>
Package pdftex.def Info: /home/hatch/workspace/goals/the-continuation-test-pape
r/files/computing-machinery-and-understanding-emergence-v1-7.pdf , page7 used o
n input line 86.
(pdftex.def)             Requested size: 614.58406pt x 795.3441pt.
File: /home/hatch/workspace/goals/the-continuation-test-paper/files/computing-m
achinery-and-understanding-emergence-v1-7.pdf Graphic file (type pdf)
<use /home/hatch/workspace/goals/the-continuation-test-paper/files/computing-ma
chinery-and-understanding-emergence-v1-7.pdf, page 7>
Package pdftex.def Info: /home/hatch/workspace/goals/the-continuation-test-pape
r/files/computing-machinery-and-understanding-emergence-v1-7.pdf , page7 used o
n input line 86.
(pdftex.def)             Requested size: 614.58406pt x 795.3441pt.
File: /home/hatch/workspace/goals/the-continuation-test-paper/files/computing-m
achinery-and-understanding-emergence-v1-7.pdf Graphic file (type pdf)
<use /home/hatch/workspace/goals/the-continuation-test-paper/files/computing-ma
chinery-and-understanding-emergence-v1-7.pdf, page 7>
Package pdftex.def Info: /home/hatch/workspace/goals/the-continuation-test-pape
r/files/computing-machinery-and-understanding-emergence-v1-7.pdf , page7 used o
n input line 86.
(pdftex.def)             Requested size: 614.58406pt x 795.3441pt.
 [47

 </home/hatch/workspace/goals/the-continuation-test-paper/files/computing-machi
nery-and-understanding-emergence-v1-7.pdf>]
</home/hatch/workspace/goals/the-continuation-test-paper/files/computing-machin
ery-and-understanding-emergence-v1-7.pdf, id=569, page=8, 614.295pt x 794.97pt>

File: /home/hatch/workspace/goals/the-continuation-test-paper/files/computing-m
achinery-and-understanding-emergence-v1-7.pdf Graphic file (type pdf)
<use /home/hatch/workspace/goals/the-continuation-test-paper/files/computing-ma
chinery-and-understanding-emergence-v1-7.pdf, page 8>
Package pdftex.def Info: /home/hatch/workspace/goals/the-continuation-test-pape
r/files/computing-machinery-and-understanding-emergence-v1-7.pdf , page8 used o
n input line 86.
(pdftex.def)             Requested size: 614.58406pt x 795.3441pt.
File: /home/hatch/workspace/goals/the-continuation-test-paper/files/computing-m
achinery-and-understanding-emergence-v1-7.pdf Graphic file (type pdf)
<use /home/hatch/workspace/goals/the-continuation-test-paper/files/computing-ma
chinery-and-understanding-emergence-v1-7.pdf, page 8>
Package pdftex.def Info: /home/hatch/workspace/goals/the-continuation-test-pape
r/files/computing-machinery-and-understanding-emergence-v1-7.pdf , page8 used o
n input line 86.
(pdftex.def)             Requested size: 614.58406pt x 795.3441pt.
File: /home/hatch/workspace/goals/the-continuation-test-paper/files/computing-m
achinery-and-understanding-emergence-v1-7.pdf Graphic file (type pdf)
<use /home/hatch/workspace/goals/the-continuation-test-paper/files/computing-ma
chinery-and-understanding-emergence-v1-7.pdf, page 8>
Package pdftex.def Info: /home/hatch/workspace/goals/the-continuation-test-pape
r/files/computing-machinery-and-understanding-emergence-v1-7.pdf , page8 used o
n input line 86.
(pdftex.def)             Requested size: 614.58406pt x 795.3441pt.
 [48

 </home/hatch/workspace/goals/the-continuation-test-paper/files/computing-machi
nery-and-understanding-emergence-v1-7.pdf>]
</home/hatch/workspace/goals/the-continuation-test-paper/files/computing-machin
ery-and-understanding-emergence-v1-7.pdf, id=574, page=9, 614.295pt x 794.97pt>

File: /home/hatch/workspace/goals/the-continuation-test-paper/files/computing-m
achinery-and-understanding-emergence-v1-7.pdf Graphic file (type pdf)
<use /home/hatch/workspace/goals/the-continuation-test-paper/files/computing-ma
chinery-and-understanding-emergence-v1-7.pdf, page 9>
Package pdftex.def Info: /home/hatch/workspace/goals/the-continuation-test-pape
r/files/computing-machinery-and-understanding-emergence-v1-7.pdf , page9 used o
n input line 86.
(pdftex.def)             Requested size: 614.58406pt x 795.3441pt.
File: /home/hatch/workspace/goals/the-continuation-test-paper/files/computing-m
achinery-and-understanding-emergence-v1-7.pdf Graphic file (type pdf)
<use /home/hatch/workspace/goals/the-continuation-test-paper/files/computing-ma
chinery-and-understanding-emergence-v1-7.pdf, page 9>
Package pdftex.def Info: /home/hatch/workspace/goals/the-continuation-test-pape
r/files/computing-machinery-and-understanding-emergence-v1-7.pdf , page9 used o
n input line 86.
(pdftex.def)             Requested size: 614.58406pt x 795.3441pt.
File: /home/hatch/workspace/goals/the-continuation-test-paper/files/computing-m
achinery-and-understanding-emergence-v1-7.pdf Graphic file (type pdf)
<use /home/hatch/workspace/goals/the-continuation-test-paper/files/computing-ma
chinery-and-understanding-emergence-v1-7.pdf, page 9>
Package pdftex.def Info: /home/hatch/workspace/goals/the-continuation-test-pape
r/files/computing-machinery-and-understanding-emergence-v1-7.pdf , page9 used o
n input line 86.
(pdftex.def)             Requested size: 614.58406pt x 795.3441pt.
 [49

 </home/hatch/workspace/goals/the-continuation-test-paper/files/computing-machi
nery-and-understanding-emergence-v1-7.pdf>]
</home/hatch/workspace/goals/the-continuation-test-paper/files/computing-machin
ery-and-understanding-emergence-v1-7.pdf, id=580, page=10, 614.295pt x 794.97pt
>
File: /home/hatch/workspace/goals/the-continuation-test-paper/files/computing-m
achinery-and-understanding-emergence-v1-7.pdf Graphic file (type pdf)
<use /home/hatch/workspace/goals/the-continuation-test-paper/files/computing-ma
chinery-and-understanding-emergence-v1-7.pdf, page 10>
Package pdftex.def Info: /home/hatch/workspace/goals/the-continuation-test-pape
r/files/computing-machinery-and-understanding-emergence-v1-7.pdf , page10 used 
on input line 86.
(pdftex.def)             Requested size: 614.58406pt x 795.3441pt.
File: /home/hatch/workspace/goals/the-continuation-test-paper/files/computing-m
achinery-and-understanding-emergence-v1-7.pdf Graphic file (type pdf)
<use /home/hatch/workspace/goals/the-continuation-test-paper/files/computing-ma
chinery-and-understanding-emergence-v1-7.pdf, page 10>
Package pdftex.def Info: /home/hatch/workspace/goals/the-continuation-test-pape
r/files/computing-machinery-and-understanding-emergence-v1-7.pdf , page10 used 
on input line 86.
(pdftex.def)             Requested size: 614.58406pt x 795.3441pt.
File: /home/hatch/workspace/goals/the-continuation-test-paper/files/computing-m
achinery-and-understanding-emergence-v1-7.pdf Graphic file (type pdf)
<use /home/hatch/workspace/goals/the-continuation-test-paper/files/computing-ma
chinery-and-understanding-emergence-v1-7.pdf, page 10>
Package pdftex.def Info: /home/hatch/workspace/goals/the-continuation-test-pape
r/files/computing-machinery-and-understanding-emergence-v1-7.pdf , page10 used 
on input line 86.
(pdftex.def)             Requested size: 614.58406pt x 795.3441pt.
 [50

 </home/hatch/workspace/goals/the-continuation-test-paper/files/computing-machi
nery-and-understanding-emergence-v1-7.pdf>]
</home/hatch/workspace/goals/the-continuation-test-paper/files/computing-machin
ery-and-understanding-emergence-v1-7.pdf, id=585, page=11, 614.295pt x 794.97pt
>
File: /home/hatch/workspace/goals/the-continuation-test-paper/files/computing-m
achinery-and-understanding-emergence-v1-7.pdf Graphic file (type pdf)
<use /home/hatch/workspace/goals/the-continuation-test-paper/files/computing-ma
chinery-and-understanding-emergence-v1-7.pdf, page 11>
Package pdftex.def Info: /home/hatch/workspace/goals/the-continuation-test-pape
r/files/computing-machinery-and-understanding-emergence-v1-7.pdf , page11 used 
on input line 86.
(pdftex.def)             Requested size: 614.58406pt x 795.3441pt.
File: /home/hatch/workspace/goals/the-continuation-test-paper/files/computing-m
achinery-and-understanding-emergence-v1-7.pdf Graphic file (type pdf)
<use /home/hatch/workspace/goals/the-continuation-test-paper/files/computing-ma
chinery-and-understanding-emergence-v1-7.pdf, page 11>
Package pdftex.def Info: /home/hatch/workspace/goals/the-continuation-test-pape
r/files/computing-machinery-and-understanding-emergence-v1-7.pdf , page11 used 
on input line 86.
(pdftex.def)             Requested size: 614.58406pt x 795.3441pt.
File: /home/hatch/workspace/goals/the-continuation-test-paper/files/computing-m
achinery-and-understanding-emergence-v1-7.pdf Graphic file (type pdf)
<use /home/hatch/workspace/goals/the-continuation-test-paper/files/computing-ma
chinery-and-understanding-emergence-v1-7.pdf, page 11>
Package pdftex.def Info: /home/hatch/workspace/goals/the-continuation-test-pape
r/files/computing-machinery-and-understanding-emergence-v1-7.pdf , page11 used 
on input line 86.
(pdftex.def)             Requested size: 614.58406pt x 795.3441pt.
[51

 </home/hatch/workspace/goals/the-continuation-test-paper/files/computing-machi
nery-and-understanding-emergence-v1-7.pdf>]
</home/hatch/workspace/goals/the-continuation-test-paper/files/computing-machin
ery-and-understanding-emergence-v1-7.pdf, id=606, page=12, 614.295pt x 794.97pt
>
File: /home/hatch/workspace/goals/the-continuation-test-paper/files/computing-m
achinery-and-understanding-emergence-v1-7.pdf Graphic file (type pdf)
<use /home/hatch/workspace/goals/the-continuation-test-paper/files/computing-ma
chinery-and-understanding-emergence-v1-7.pdf, page 12>
Package pdftex.def Info: /home/hatch/workspace/goals/the-continuation-test-pape
r/files/computing-machinery-and-understanding-emergence-v1-7.pdf , page12 used 
on input line 86.
(pdftex.def)             Requested size: 614.58406pt x 795.3441pt.
File: /home/hatch/workspace/goals/the-continuation-test-paper/files/computing-m
achinery-and-understanding-emergence-v1-7.pdf Graphic file (type pdf)
<use /home/hatch/workspace/goals/the-continuation-test-paper/files/computing-ma
chinery-and-understanding-emergence-v1-7.pdf, page 12>
Package pdftex.def Info: /home/hatch/workspace/goals/the-continuation-test-pape
r/files/computing-machinery-and-understanding-emergence-v1-7.pdf , page12 used 
on input line 86.
(pdftex.def)             Requested size: 614.58406pt x 795.3441pt.
File: /home/hatch/workspace/goals/the-continuation-test-paper/files/computing-m
achinery-and-understanding-emergence-v1-7.pdf Graphic file (type pdf)
<use /home/hatch/workspace/goals/the-continuation-test-paper/files/computing-ma
chinery-and-understanding-emergence-v1-7.pdf, page 12>
Package pdftex.def Info: /home/hatch/workspace/goals/the-continuation-test-pape
r/files/computing-machinery-and-understanding-emergence-v1-7.pdf , page12 used 
on input line 86.
(pdftex.def)             Requested size: 614.58406pt x 795.3441pt.
 [52

 </home/hatch/workspace/goals/the-continuation-test-paper/files/computing-machi
nery-and-understanding-emergence-v1-7.pdf>]
</home/hatch/workspace/goals/the-continuation-test-paper/files/computing-machin
ery-and-understanding-emergence-v1-7.pdf, id=611, page=13, 614.295pt x 794.97pt
>
File: /home/hatch/workspace/goals/the-continuation-test-paper/files/computing-m
achinery-and-understanding-emergence-v1-7.pdf Graphic file (type pdf)
<use /home/hatch/workspace/goals/the-continuation-test-paper/files/computing-ma
chinery-and-understanding-emergence-v1-7.pdf, page 13>
Package pdftex.def Info: /home/hatch/workspace/goals/the-continuation-test-pape
r/files/computing-machinery-and-understanding-emergence-v1-7.pdf , page13 used 
on input line 86.
(pdftex.def)             Requested size: 614.58406pt x 795.3441pt.
File: /home/hatch/workspace/goals/the-continuation-test-paper/files/computing-m
achinery-and-understanding-emergence-v1-7.pdf Graphic file (type pdf)
<use /home/hatch/workspace/goals/the-continuation-test-paper/files/computing-ma
chinery-and-understanding-emergence-v1-7.pdf, page 13>
Package pdftex.def Info: /home/hatch/workspace/goals/the-continuation-test-pape
r/files/computing-machinery-and-understanding-emergence-v1-7.pdf , page13 used 
on input line 86.
(pdftex.def)             Requested size: 614.58406pt x 795.3441pt.
File: /home/hatch/workspace/goals/the-continuation-test-paper/files/computing-m
achinery-and-understanding-emergence-v1-7.pdf Graphic file (type pdf)
<use /home/hatch/workspace/goals/the-continuation-test-paper/files/computing-ma
chinery-and-understanding-emergence-v1-7.pdf, page 13>
Package pdftex.def Info: /home/hatch/workspace/goals/the-continuation-test-pape
r/files/computing-machinery-and-understanding-emergence-v1-7.pdf , page13 used 
on input line 86.
(pdftex.def)             Requested size: 614.58406pt x 795.3441pt.
 [53

 </home/hatch/workspace/goals/the-continuation-test-paper/files/computing-machi
nery-and-understanding-emergence-v1-7.pdf>]
</home/hatch/workspace/goals/the-continuation-test-paper/files/computing-machin
ery-and-understanding-emergence-v1-7.pdf, id=616, page=14, 614.295pt x 794.97pt
>
File: /home/hatch/workspace/goals/the-continuation-test-paper/files/computing-m
achinery-and-understanding-emergence-v1-7.pdf Graphic file (type pdf)
<use /home/hatch/workspace/goals/the-continuation-test-paper/files/computing-ma
chinery-and-understanding-emergence-v1-7.pdf, page 14>
Package pdftex.def Info: /home/hatch/workspace/goals/the-continuation-test-pape
r/files/computing-machinery-and-understanding-emergence-v1-7.pdf , page14 used 
on input line 86.
(pdftex.def)             Requested size: 614.58406pt x 795.3441pt.
File: /home/hatch/workspace/goals/the-continuation-test-paper/files/computing-m
achinery-and-understanding-emergence-v1-7.pdf Graphic file (type pdf)
<use /home/hatch/workspace/goals/the-continuation-test-paper/files/computing-ma
chinery-and-understanding-emergence-v1-7.pdf, page 14>
Package pdftex.def Info: /home/hatch/workspace/goals/the-continuation-test-pape
r/files/computing-machinery-and-understanding-emergence-v1-7.pdf , page14 used 
on input line 86.
(pdftex.def)             Requested size: 614.58406pt x 795.3441pt.
File: /home/hatch/workspace/goals/the-continuation-test-paper/files/computing-m
achinery-and-understanding-emergence-v1-7.pdf Graphic file (type pdf)
<use /home/hatch/workspace/goals/the-continuation-test-paper/files/computing-ma
chinery-and-understanding-emergence-v1-7.pdf, page 14>
Package pdftex.def Info: /home/hatch/workspace/goals/the-continuation-test-pape
r/files/computing-machinery-and-understanding-emergence-v1-7.pdf , page14 used 
on input line 86.
(pdftex.def)             Requested size: 614.58406pt x 795.3441pt.
 [54

 </home/hatch/workspace/goals/the-continuation-test-paper/files/computing-machi
nery-and-understanding-emergence-v1-7.pdf>]
</home/hatch/workspace/goals/the-continuation-test-paper/files/computing-machin
ery-and-understanding-emergence-v1-7.pdf, id=621, page=15, 614.295pt x 794.97pt
>
File: /home/hatch/workspace/goals/the-continuation-test-paper/files/computing-m
achinery-and-understanding-emergence-v1-7.pdf Graphic file (type pdf)
<use /home/hatch/workspace/goals/the-continuation-test-paper/files/computing-ma
chinery-and-understanding-emergence-v1-7.pdf, page 15>
Package pdftex.def Info: /home/hatch/workspace/goals/the-continuation-test-pape
r/files/computing-machinery-and-understanding-emergence-v1-7.pdf , page15 used 
on input line 86.
(pdftex.def)             Requested size: 614.58406pt x 795.3441pt.
File: /home/hatch/workspace/goals/the-continuation-test-paper/files/computing-m
achinery-and-understanding-emergence-v1-7.pdf Graphic file (type pdf)
<use /home/hatch/workspace/goals/the-continuation-test-paper/files/computing-ma
chinery-and-understanding-emergence-v1-7.pdf, page 15>
Package pdftex.def Info: /home/hatch/workspace/goals/the-continuation-test-pape
r/files/computing-machinery-and-understanding-emergence-v1-7.pdf , page15 used 
on input line 86.
(pdftex.def)             Requested size: 614.58406pt x 795.3441pt.
File: /home/hatch/workspace/goals/the-continuation-test-paper/files/computing-m
achinery-and-understanding-emergence-v1-7.pdf Graphic file (type pdf)
<use /home/hatch/workspace/goals/the-continuation-test-paper/files/computing-ma
chinery-and-understanding-emergence-v1-7.pdf, page 15>
Package pdftex.def Info: /home/hatch/workspace/goals/the-continuation-test-pape
r/files/computing-machinery-and-understanding-emergence-v1-7.pdf , page15 used 
on input line 86.
(pdftex.def)             Requested size: 614.58406pt x 795.3441pt.
 [55

 </home/hatch/workspace/goals/the-continuation-test-paper/files/computing-machi
nery-and-understanding-emergence-v1-7.pdf>]
</home/hatch/workspace/goals/the-continuation-test-paper/files/computing-machin
ery-and-understanding-emergence-v1-7.pdf, id=627, page=16, 614.295pt x 794.97pt
>
File: /home/hatch/workspace/goals/the-continuation-test-paper/files/computing-m
achinery-and-understanding-emergence-v1-7.pdf Graphic file (type pdf)
<use /home/hatch/workspace/goals/the-continuation-test-paper/files/computing-ma
chinery-and-understanding-emergence-v1-7.pdf, page 16>
Package pdftex.def Info: /home/hatch/workspace/goals/the-continuation-test-pape
r/files/computing-machinery-and-understanding-emergence-v1-7.pdf , page16 used 
on input line 86.
(pdftex.def)             Requested size: 614.58406pt x 795.3441pt.
File: /home/hatch/workspace/goals/the-continuation-test-paper/files/computing-m
achinery-and-understanding-emergence-v1-7.pdf Graphic file (type pdf)
<use /home/hatch/workspace/goals/the-continuation-test-paper/files/computing-ma
chinery-and-understanding-emergence-v1-7.pdf, page 16>
Package pdftex.def Info: /home/hatch/workspace/goals/the-continuation-test-pape
r/files/computing-machinery-and-understanding-emergence-v1-7.pdf , page16 used 
on input line 86.
(pdftex.def)             Requested size: 614.58406pt x 795.3441pt.
File: /home/hatch/workspace/goals/the-continuation-test-paper/files/computing-m
achinery-and-understanding-emergence-v1-7.pdf Graphic file (type pdf)
<use /home/hatch/workspace/goals/the-continuation-test-paper/files/computing-ma
chinery-and-understanding-emergence-v1-7.pdf, page 16>
Package pdftex.def Info: /home/hatch/workspace/goals/the-continuation-test-pape
r/files/computing-machinery-and-understanding-emergence-v1-7.pdf , page16 used 
on input line 86.
(pdftex.def)             Requested size: 614.58406pt x 795.3441pt.

[56

 </home/hatch/workspace/goals/the-continuation-test-paper/files/computing-machi
nery-and-understanding-emergence-v1-7.pdf>]
</home/hatch/workspace/goals/the-continuation-test-paper/files/computing-machin
ery-and-understanding-emergence-v1-7.pdf, id=632, page=17, 614.295pt x 794.97pt
>
File: /home/hatch/workspace/goals/the-continuation-test-paper/files/computing-m
achinery-and-understanding-emergence-v1-7.pdf Graphic file (type pdf)
<use /home/hatch/workspace/goals/the-continuation-test-paper/files/computing-ma
chinery-and-understanding-emergence-v1-7.pdf, page 17>
Package pdftex.def Info: /home/hatch/workspace/goals/the-continuation-test-pape
r/files/computing-machinery-and-understanding-emergence-v1-7.pdf , page17 used 
on input line 86.
(pdftex.def)             Requested size: 614.58406pt x 795.3441pt.
File: /home/hatch/workspace/goals/the-continuation-test-paper/files/computing-m
achinery-and-understanding-emergence-v1-7.pdf Graphic file (type pdf)
<use /home/hatch/workspace/goals/the-continuation-test-paper/files/computing-ma
chinery-and-understanding-emergence-v1-7.pdf, page 17>
Package pdftex.def Info: /home/hatch/workspace/goals/the-continuation-test-pape
r/files/computing-machinery-and-understanding-emergence-v1-7.pdf , page17 used 
on input line 86.
(pdftex.def)             Requested size: 614.58406pt x 795.3441pt.
File: /home/hatch/workspace/goals/the-continuation-test-paper/files/computing-m
achinery-and-understanding-emergence-v1-7.pdf Graphic file (type pdf)
<use /home/hatch/workspace/goals/the-continuation-test-paper/files/computing-ma
chinery-and-understanding-emergence-v1-7.pdf, page 17>
Package pdftex.def Info: /home/hatch/workspace/goals/the-continuation-test-pape
r/files/computing-machinery-and-understanding-emergence-v1-7.pdf , page17 used 
on input line 86.
(pdftex.def)             Requested size: 614.58406pt x 795.3441pt.
 [57

 </home/hatch/workspace/goals/the-continuation-test-paper/files/computing-machi
nery-and-understanding-emergence-v1-7.pdf>]
</home/hatch/workspace/goals/the-continuation-test-paper/files/computing-machin
ery-and-understanding-emergence-v1-7.pdf, id=637, page=18, 614.295pt x 794.97pt
>
File: /home/hatch/workspace/goals/the-continuation-test-paper/files/computing-m
achinery-and-understanding-emergence-v1-7.pdf Graphic file (type pdf)
<use /home/hatch/workspace/goals/the-continuation-test-paper/files/computing-ma
chinery-and-understanding-emergence-v1-7.pdf, page 18>
Package pdftex.def Info: /home/hatch/workspace/goals/the-continuation-test-pape
r/files/computing-machinery-and-understanding-emergence-v1-7.pdf , page18 used 
on input line 86.
(pdftex.def)             Requested size: 614.58406pt x 795.3441pt.
File: /home/hatch/workspace/goals/the-continuation-test-paper/files/computing-m
achinery-and-understanding-emergence-v1-7.pdf Graphic file (type pdf)
<use /home/hatch/workspace/goals/the-continuation-test-paper/files/computing-ma
chinery-and-understanding-emergence-v1-7.pdf, page 18>
Package pdftex.def Info: /home/hatch/workspace/goals/the-continuation-test-pape
r/files/computing-machinery-and-understanding-emergence-v1-7.pdf , page18 used 
on input line 86.
(pdftex.def)             Requested size: 614.58406pt x 795.3441pt.
File: /home/hatch/workspace/goals/the-continuation-test-paper/files/computing-m
achinery-and-understanding-emergence-v1-7.pdf Graphic file (type pdf)
<use /home/hatch/workspace/goals/the-continuation-test-paper/files/computing-ma
chinery-and-understanding-emergence-v1-7.pdf, page 18>
Package pdftex.def Info: /home/hatch/workspace/goals/the-continuation-test-pape
r/files/computing-machinery-and-understanding-emergence-v1-7.pdf , page18 used 
on input line 86.
(pdftex.def)             Requested size: 614.58406pt x 795.3441pt.
 [58

 </home/hatch/workspace/goals/the-continuation-test-paper/files/computing-machi
nery-and-understanding-emergence-v1-7.pdf>]
</home/hatch/workspace/goals/the-continuation-test-paper/files/computing-machin
ery-and-understanding-emergence-v1-7.pdf, id=642, page=19, 614.295pt x 794.97pt
>
File: /home/hatch/workspace/goals/the-continuation-test-paper/files/computing-m
achinery-and-understanding-emergence-v1-7.pdf Graphic file (type pdf)
<use /home/hatch/workspace/goals/the-continuation-test-paper/files/computing-ma
chinery-and-understanding-emergence-v1-7.pdf, page 19>
Package pdftex.def Info: /home/hatch/workspace/goals/the-continuation-test-pape
r/files/computing-machinery-and-understanding-emergence-v1-7.pdf , page19 used 
on input line 86.
(pdftex.def)             Requested size: 614.58406pt x 795.3441pt.
File: /home/hatch/workspace/goals/the-continuation-test-paper/files/computing-m
achinery-and-understanding-emergence-v1-7.pdf Graphic file (type pdf)
<use /home/hatch/workspace/goals/the-continuation-test-paper/files/computing-ma
chinery-and-understanding-emergence-v1-7.pdf, page 19>
Package pdftex.def Info: /home/hatch/workspace/goals/the-continuation-test-pape
r/files/computing-machinery-and-understanding-emergence-v1-7.pdf , page19 used 
on input line 86.
(pdftex.def)             Requested size: 614.58406pt x 795.3441pt.
File: /home/hatch/workspace/goals/the-continuation-test-paper/files/computing-m
achinery-and-understanding-emergence-v1-7.pdf Graphic file (type pdf)
<use /home/hatch/workspace/goals/the-continuation-test-paper/files/computing-ma
chinery-and-understanding-emergence-v1-7.pdf, page 19>
Package pdftex.def Info: /home/hatch/workspace/goals/the-continuation-test-pape
r/files/computing-machinery-and-understanding-emergence-v1-7.pdf , page19 used 
on input line 86.
(pdftex.def)             Requested size: 614.58406pt x 795.3441pt.
 [59

 </home/hatch/workspace/goals/the-continuation-test-paper/files/computing-machi
nery-and-understanding-emergence-v1-7.pdf>]
</home/hatch/workspace/goals/the-continuation-test-paper/files/computing-machin
ery-and-understanding-emergence-v1-7.pdf, id=647, page=20, 614.295pt x 794.97pt
>
File: /home/hatch/workspace/goals/the-continuation-test-paper/files/computing-m
achinery-and-understanding-emergence-v1-7.pdf Graphic file (type pdf)
<use /home/hatch/workspace/goals/the-continuation-test-paper/files/computing-ma
chinery-and-understanding-emergence-v1-7.pdf, page 20>
Package pdftex.def Info: /home/hatch/workspace/goals/the-continuation-test-pape
r/files/computing-machinery-and-understanding-emergence-v1-7.pdf , page20 used 
on input line 86.
(pdftex.def)             Requested size: 614.58406pt x 795.3441pt.
File: /home/hatch/workspace/goals/the-continuation-test-paper/files/computing-m
achinery-and-understanding-emergence-v1-7.pdf Graphic file (type pdf)
<use /home/hatch/workspace/goals/the-continuation-test-paper/files/computing-ma
chinery-and-understanding-emergence-v1-7.pdf, page 20>
Package pdftex.def Info: /home/hatch/workspace/goals/the-continuation-test-pape
r/files/computing-machinery-and-understanding-emergence-v1-7.pdf , page20 used 
on input line 86.
(pdftex.def)             Requested size: 614.58406pt x 795.3441pt.
File: /home/hatch/workspace/goals/the-continuation-test-paper/files/computing-m
achinery-and-understanding-emergence-v1-7.pdf Graphic file (type pdf)
<use /home/hatch/workspace/goals/the-continuation-test-paper/files/computing-ma
chinery-and-understanding-emergence-v1-7.pdf, page 20>
Package pdftex.def Info: /home/hatch/workspace/goals/the-continuation-test-pape
r/files/computing-machinery-and-understanding-emergence-v1-7.pdf , page20 used 
on input line 86.
(pdftex.def)             Requested size: 614.58406pt x 795.3441pt.
 [60

 </home/hatch/workspace/goals/the-continuation-test-paper/files/computing-machi
nery-and-understanding-emergence-v1-7.pdf>]
</home/hatch/workspace/goals/the-continuation-test-paper/files/computing-machin
ery-and-understanding-emergence-v1-7.pdf, id=652, page=21, 614.295pt x 794.97pt
>
File: /home/hatch/workspace/goals/the-continuation-test-paper/files/computing-m
achinery-and-understanding-emergence-v1-7.pdf Graphic file (type pdf)
<use /home/hatch/workspace/goals/the-continuation-test-paper/files/computing-ma
chinery-and-understanding-emergence-v1-7.pdf, page 21>
Package pdftex.def Info: /home/hatch/workspace/goals/the-continuation-test-pape
r/files/computing-machinery-and-understanding-emergence-v1-7.pdf , page21 used 
on input line 86.
(pdftex.def)             Requested size: 614.58406pt x 795.3441pt.
File: /home/hatch/workspace/goals/the-continuation-test-paper/files/computing-m
achinery-and-understanding-emergence-v1-7.pdf Graphic file (type pdf)
<use /home/hatch/workspace/goals/the-continuation-test-paper/files/computing-ma
chinery-and-understanding-emergence-v1-7.pdf, page 21>
Package pdftex.def Info: /home/hatch/workspace/goals/the-continuation-test-pape
r/files/computing-machinery-and-understanding-emergence-v1-7.pdf , page21 used 
on input line 86.
(pdftex.def)             Requested size: 614.58406pt x 795.3441pt.
File: /home/hatch/workspace/goals/the-continuation-test-paper/files/computing-m
achinery-and-understanding-emergence-v1-7.pdf Graphic file (type pdf)
<use /home/hatch/workspace/goals/the-continuation-test-paper/files/computing-ma
chinery-and-understanding-emergence-v1-7.pdf, page 21>
Package pdftex.def Info: /home/hatch/workspace/goals/the-continuation-test-pape
r/files/computing-machinery-and-understanding-emergence-v1-7.pdf , page21 used 
on input line 86.
(pdftex.def)             Requested size: 614.58406pt x 795.3441pt.

[61

 </home/hatch/workspace/goals/the-continuation-test-paper/files/computing-machi
nery-and-understanding-emergence-v1-7.pdf>]
</home/hatch/workspace/goals/the-continuation-test-paper/files/computing-machin
ery-and-understanding-emergence-v1-7.pdf, id=658, page=22, 614.295pt x 794.97pt
>
File: /home/hatch/workspace/goals/the-continuation-test-paper/files/computing-m
achinery-and-understanding-emergence-v1-7.pdf Graphic file (type pdf)
<use /home/hatch/workspace/goals/the-continuation-test-paper/files/computing-ma
chinery-and-understanding-emergence-v1-7.pdf, page 22>
Package pdftex.def Info: /home/hatch/workspace/goals/the-continuation-test-pape
r/files/computing-machinery-and-understanding-emergence-v1-7.pdf , page22 used 
on input line 86.
(pdftex.def)             Requested size: 614.58406pt x 795.3441pt.
File: /home/hatch/workspace/goals/the-continuation-test-paper/files/computing-m
achinery-and-understanding-emergence-v1-7.pdf Graphic file (type pdf)
<use /home/hatch/workspace/goals/the-continuation-test-paper/files/computing-ma
chinery-and-understanding-emergence-v1-7.pdf, page 22>
Package pdftex.def Info: /home/hatch/workspace/goals/the-continuation-test-pape
r/files/computing-machinery-and-understanding-emergence-v1-7.pdf , page22 used 
on input line 86.
(pdftex.def)             Requested size: 614.58406pt x 795.3441pt.
File: /home/hatch/workspace/goals/the-continuation-test-paper/files/computing-m
achinery-and-understanding-emergence-v1-7.pdf Graphic file (type pdf)
<use /home/hatch/workspace/goals/the-continuation-test-paper/files/computing-ma
chinery-and-understanding-emergence-v1-7.pdf, page 22>
Package pdftex.def Info: /home/hatch/workspace/goals/the-continuation-test-pape
r/files/computing-machinery-and-understanding-emergence-v1-7.pdf , page22 used 
on input line 86.
(pdftex.def)             Requested size: 614.58406pt x 795.3441pt.
 [62

 </home/hatch/workspace/goals/the-continuation-test-paper/files/computing-machi
nery-and-understanding-emergence-v1-7.pdf>]
</home/hatch/workspace/goals/the-continuation-test-paper/files/computing-machin
ery-and-understanding-emergence-v1-7.pdf, id=669, page=23, 614.295pt x 794.97pt
>
File: /home/hatch/workspace/goals/the-continuation-test-paper/files/computing-m
achinery-and-understanding-emergence-v1-7.pdf Graphic file (type pdf)
<use /home/hatch/workspace/goals/the-continuation-test-paper/files/computing-ma
chinery-and-understanding-emergence-v1-7.pdf, page 23>
Package pdftex.def Info: /home/hatch/workspace/goals/the-continuation-test-pape
r/files/computing-machinery-and-understanding-emergence-v1-7.pdf , page23 used 
on input line 86.
(pdftex.def)             Requested size: 614.58406pt x 795.3441pt.
File: /home/hatch/workspace/goals/the-continuation-test-paper/files/computing-m
achinery-and-understanding-emergence-v1-7.pdf Graphic file (type pdf)
<use /home/hatch/workspace/goals/the-continuation-test-paper/files/computing-ma
chinery-and-understanding-emergence-v1-7.pdf, page 23>
Package pdftex.def Info: /home/hatch/workspace/goals/the-continuation-test-pape
r/files/computing-machinery-and-understanding-emergence-v1-7.pdf , page23 used 
on input line 86.
(pdftex.def)             Requested size: 614.58406pt x 795.3441pt.
File: /home/hatch/workspace/goals/the-continuation-test-paper/files/computing-m
achinery-and-understanding-emergence-v1-7.pdf Graphic file (type pdf)
<use /home/hatch/workspace/goals/the-continuation-test-paper/files/computing-ma
chinery-and-understanding-emergence-v1-7.pdf, page 23>
Package pdftex.def Info: /home/hatch/workspace/goals/the-continuation-test-pape
r/files/computing-machinery-and-understanding-emergence-v1-7.pdf , page23 used 
on input line 86.
(pdftex.def)             Requested size: 614.58406pt x 795.3441pt.
 [63

 </home/hatch/workspace/goals/the-continuation-test-paper/files/computing-machi
nery-and-understanding-emergence-v1-7.pdf>]
</home/hatch/workspace/goals/the-continuation-test-paper/files/computing-machin
ery-and-understanding-emergence-v1-7.pdf, id=674, page=24, 614.295pt x 794.97pt
>
File: /home/hatch/workspace/goals/the-continuation-test-paper/files/computing-m
achinery-and-understanding-emergence-v1-7.pdf Graphic file (type pdf)
<use /home/hatch/workspace/goals/the-continuation-test-paper/files/computing-ma
chinery-and-understanding-emergence-v1-7.pdf, page 24>
Package pdftex.def Info: /home/hatch/workspace/goals/the-continuation-test-pape
r/files/computing-machinery-and-understanding-emergence-v1-7.pdf , page24 used 
on input line 86.
(pdftex.def)             Requested size: 614.58406pt x 795.3441pt.
File: /home/hatch/workspace/goals/the-continuation-test-paper/files/computing-m
achinery-and-understanding-emergence-v1-7.pdf Graphic file (type pdf)
<use /home/hatch/workspace/goals/the-continuation-test-paper/files/computing-ma
chinery-and-understanding-emergence-v1-7.pdf, page 24>
Package pdftex.def Info: /home/hatch/workspace/goals/the-continuation-test-pape
r/files/computing-machinery-and-understanding-emergence-v1-7.pdf , page24 used 
on input line 86.
(pdftex.def)             Requested size: 614.58406pt x 795.3441pt.
File: /home/hatch/workspace/goals/the-continuation-test-paper/files/computing-m
achinery-and-understanding-emergence-v1-7.pdf Graphic file (type pdf)
<use /home/hatch/workspace/goals/the-continuation-test-paper/files/computing-ma
chinery-and-understanding-emergence-v1-7.pdf, page 24>
Package pdftex.def Info: /home/hatch/workspace/goals/the-continuation-test-pape
r/files/computing-machinery-and-understanding-emergence-v1-7.pdf , page24 used 
on input line 86.
(pdftex.def)             Requested size: 614.58406pt x 795.3441pt.
 [64

 </home/hatch/workspace/goals/the-continuation-test-paper/files/computing-machi
nery-and-understanding-emergence-v1-7.pdf>]
</home/hatch/workspace/goals/the-continuation-test-paper/files/computing-machin
ery-and-understanding-emergence-v1-7.pdf, id=679, page=25, 614.295pt x 794.97pt
>
File: /home/hatch/workspace/goals/the-continuation-test-paper/files/computing-m
achinery-and-understanding-emergence-v1-7.pdf Graphic file (type pdf)
<use /home/hatch/workspace/goals/the-continuation-test-paper/files/computing-ma
chinery-and-understanding-emergence-v1-7.pdf, page 25>
Package pdftex.def Info: /home/hatch/workspace/goals/the-continuation-test-pape
r/files/computing-machinery-and-understanding-emergence-v1-7.pdf , page25 used 
on input line 86.
(pdftex.def)             Requested size: 614.58406pt x 795.3441pt.
File: /home/hatch/workspace/goals/the-continuation-test-paper/files/computing-m
achinery-and-understanding-emergence-v1-7.pdf Graphic file (type pdf)
<use /home/hatch/workspace/goals/the-continuation-test-paper/files/computing-ma
chinery-and-understanding-emergence-v1-7.pdf, page 25>
Package pdftex.def Info: /home/hatch/workspace/goals/the-continuation-test-pape
r/files/computing-machinery-and-understanding-emergence-v1-7.pdf , page25 used 
on input line 86.
(pdftex.def)             Requested size: 614.58406pt x 795.3441pt.
File: /home/hatch/workspace/goals/the-continuation-test-paper/files/computing-m
achinery-and-understanding-emergence-v1-7.pdf Graphic file (type pdf)
<use /home/hatch/workspace/goals/the-continuation-test-paper/files/computing-ma
chinery-and-understanding-emergence-v1-7.pdf, page 25>
Package pdftex.def Info: /home/hatch/workspace/goals/the-continuation-test-pape
r/files/computing-machinery-and-understanding-emergence-v1-7.pdf , page25 used 
on input line 86.
(pdftex.def)             Requested size: 614.58406pt x 795.3441pt.
 [65

 </home/hatch/workspace/goals/the-continuation-test-paper/files/computing-machi
nery-and-understanding-emergence-v1-7.pdf>]
</home/hatch/workspace/goals/the-continuation-test-paper/files/computing-machin
ery-and-understanding-emergence-v1-7.pdf, id=684, page=26, 614.295pt x 794.97pt
>
File: /home/hatch/workspace/goals/the-continuation-test-paper/files/computing-m
achinery-and-understanding-emergence-v1-7.pdf Graphic file (type pdf)
<use /home/hatch/workspace/goals/the-continuation-test-paper/files/computing-ma
chinery-and-understanding-emergence-v1-7.pdf, page 26>
Package pdftex.def Info: /home/hatch/workspace/goals/the-continuation-test-pape
r/files/computing-machinery-and-understanding-emergence-v1-7.pdf , page26 used 
on input line 86.
(pdftex.def)             Requested size: 614.58406pt x 795.3441pt.
File: /home/hatch/workspace/goals/the-continuation-test-paper/files/computing-m
achinery-and-understanding-emergence-v1-7.pdf Graphic file (type pdf)
<use /home/hatch/workspace/goals/the-continuation-test-paper/files/computing-ma
chinery-and-understanding-emergence-v1-7.pdf, page 26>
Package pdftex.def Info: /home/hatch/workspace/goals/the-continuation-test-pape
r/files/computing-machinery-and-understanding-emergence-v1-7.pdf , page26 used 
on input line 86.
(pdftex.def)             Requested size: 614.58406pt x 795.3441pt.
File: /home/hatch/workspace/goals/the-continuation-test-paper/files/computing-m
achinery-and-understanding-emergence-v1-7.pdf Graphic file (type pdf)
<use /home/hatch/workspace/goals/the-continuation-test-paper/files/computing-ma
chinery-and-understanding-emergence-v1-7.pdf, page 26>
Package pdftex.def Info: /home/hatch/workspace/goals/the-continuation-test-pape
r/files/computing-machinery-and-understanding-emergence-v1-7.pdf , page26 used 
on input line 86.
(pdftex.def)             Requested size: 614.58406pt x 795.3441pt.

[66

 </home/hatch/workspace/goals/the-continuation-test-paper/files/computing-machi
nery-and-understanding-emergence-v1-7.pdf>]
</home/hatch/workspace/goals/the-continuation-test-paper/files/computing-machin
ery-and-understanding-emergence-v1-7.pdf, id=689, page=27, 614.295pt x 794.97pt
>
File: /home/hatch/workspace/goals/the-continuation-test-paper/files/computing-m
achinery-and-understanding-emergence-v1-7.pdf Graphic file (type pdf)
<use /home/hatch/workspace/goals/the-continuation-test-paper/files/computing-ma
chinery-and-understanding-emergence-v1-7.pdf, page 27>
Package pdftex.def Info: /home/hatch/workspace/goals/the-continuation-test-pape
r/files/computing-machinery-and-understanding-emergence-v1-7.pdf , page27 used 
on input line 86.
(pdftex.def)             Requested size: 614.58406pt x 795.3441pt.
File: /home/hatch/workspace/goals/the-continuation-test-paper/files/computing-m
achinery-and-understanding-emergence-v1-7.pdf Graphic file (type pdf)
<use /home/hatch/workspace/goals/the-continuation-test-paper/files/computing-ma
chinery-and-understanding-emergence-v1-7.pdf, page 27>
Package pdftex.def Info: /home/hatch/workspace/goals/the-continuation-test-pape
r/files/computing-machinery-and-understanding-emergence-v1-7.pdf , page27 used 
on input line 86.
(pdftex.def)             Requested size: 614.58406pt x 795.3441pt.
File: /home/hatch/workspace/goals/the-continuation-test-paper/files/computing-m
achinery-and-understanding-emergence-v1-7.pdf Graphic file (type pdf)
<use /home/hatch/workspace/goals/the-continuation-test-paper/files/computing-ma
chinery-and-understanding-emergence-v1-7.pdf, page 27>
Package pdftex.def Info: /home/hatch/workspace/goals/the-continuation-test-pape
r/files/computing-machinery-and-understanding-emergence-v1-7.pdf , page27 used 
on input line 86.
(pdftex.def)             Requested size: 614.58406pt x 795.3441pt.
 [67

 </home/hatch/workspace/goals/the-continuation-test-paper/files/computing-machi
nery-and-understanding-emergence-v1-7.pdf>]
</home/hatch/workspace/goals/the-continuation-test-paper/files/computing-machin
ery-and-understanding-emergence-v1-7.pdf, id=695, page=28, 614.295pt x 794.97pt
>
File: /home/hatch/workspace/goals/the-continuation-test-paper/files/computing-m
achinery-and-understanding-emergence-v1-7.pdf Graphic file (type pdf)
<use /home/hatch/workspace/goals/the-continuation-test-paper/files/computing-ma
chinery-and-understanding-emergence-v1-7.pdf, page 28>
Package pdftex.def Info: /home/hatch/workspace/goals/the-continuation-test-pape
r/files/computing-machinery-and-understanding-emergence-v1-7.pdf , page28 used 
on input line 86.
(pdftex.def)             Requested size: 614.58406pt x 795.3441pt.
File: /home/hatch/workspace/goals/the-continuation-test-paper/files/computing-m
achinery-and-understanding-emergence-v1-7.pdf Graphic file (type pdf)
<use /home/hatch/workspace/goals/the-continuation-test-paper/files/computing-ma
chinery-and-understanding-emergence-v1-7.pdf, page 28>
Package pdftex.def Info: /home/hatch/workspace/goals/the-continuation-test-pape
r/files/computing-machinery-and-understanding-emergence-v1-7.pdf , page28 used 
on input line 86.
(pdftex.def)             Requested size: 614.58406pt x 795.3441pt.
File: /home/hatch/workspace/goals/the-continuation-test-paper/files/computing-m
achinery-and-understanding-emergence-v1-7.pdf Graphic file (type pdf)
<use /home/hatch/workspace/goals/the-continuation-test-paper/files/computing-ma
chinery-and-understanding-emergence-v1-7.pdf, page 28>
Package pdftex.def Info: /home/hatch/workspace/goals/the-continuation-test-pape
r/files/computing-machinery-and-understanding-emergence-v1-7.pdf , page28 used 
on input line 86.
(pdftex.def)             Requested size: 614.58406pt x 795.3441pt.
 [68

 </home/hatch/workspace/goals/the-continuation-test-paper/files/computing-machi
nery-and-understanding-emergence-v1-7.pdf>] [69]
</home/hatch/workspace/goals/turing-discovery-gap-conjecture/files/turing-disco
very-gap-conjecture.pdf, id=705, 614.295pt x 794.97pt>
File: /home/hatch/workspace/goals/turing-discovery-gap-conjecture/files/turing-
discovery-gap-conjecture.pdf Graphic file (type pdf)
<use /home/hatch/workspace/goals/turing-discovery-gap-conjecture/files/turing-d
iscovery-gap-conjecture.pdf>
Package pdftex.def Info: /home/hatch/workspace/goals/turing-discovery-gap-conje
cture/files/turing-discovery-gap-conjecture.pdf  used on input line 93.
(pdftex.def)             Requested size: 614.29349pt x 794.96806pt.
</home/hatch/workspace/goals/turing-discovery-gap-conjecture/files/turing-disco
very-gap-conjecture.pdf, id=707, page=1, 614.295pt x 794.97pt>
File: /home/hatch/workspace/goals/turing-discovery-gap-conjecture/files/turing-
discovery-gap-conjecture.pdf Graphic file (type pdf)
<use /home/hatch/workspace/goals/turing-discovery-gap-conjecture/files/turing-d
iscovery-gap-conjecture.pdf, page 1>
Package pdftex.def Info: /home/hatch/workspace/goals/turing-discovery-gap-conje
cture/files/turing-discovery-gap-conjecture.pdf , page1 used on input line 93.
(pdftex.def)             Requested size: 614.29349pt x 794.96806pt.
File: /home/hatch/workspace/goals/turing-discovery-gap-conjecture/files/turing-
discovery-gap-conjecture.pdf Graphic file (type pdf)
<use /home/hatch/workspace/goals/turing-discovery-gap-conjecture/files/turing-d
iscovery-gap-conjecture.pdf, page 1>
Package pdftex.def Info: /home/hatch/workspace/goals/turing-discovery-gap-conje
cture/files/turing-discovery-gap-conjecture.pdf , page1 used on input line 93.
(pdftex.def)             Requested size: 614.58406pt x 795.3441pt.
File: /home/hatch/workspace/goals/turing-discovery-gap-conjecture/files/turing-
discovery-gap-conjecture.pdf Graphic file (type pdf)
<use /home/hatch/workspace/goals/turing-discovery-gap-conjecture/files/turing-d
iscovery-gap-conjecture.pdf, page 1>
Package pdftex.def Info: /home/hatch/workspace/goals/turing-discovery-gap-conje
cture/files/turing-discovery-gap-conjecture.pdf , page1 used on input line 93.
(pdftex.def)             Requested size: 614.58406pt x 795.3441pt.
File: /home/hatch/workspace/goals/turing-discovery-gap-conjecture/files/turing-
discovery-gap-conjecture.pdf Graphic file (type pdf)
<use /home/hatch/workspace/goals/turing-discovery-gap-conjecture/files/turing-d
iscovery-gap-conjecture.pdf, page 1>
Package pdftex.def Info: /home/hatch/workspace/goals/turing-discovery-gap-conje
cture/files/turing-discovery-gap-conjecture.pdf , page1 used on input line 93.
(pdftex.def)             Requested size: 614.58406pt x 795.3441pt.
File: /home/hatch/workspace/goals/turing-discovery-gap-conjecture/files/turing-
discovery-gap-conjecture.pdf Graphic file (type pdf)
<use /home/hatch/workspace/goals/turing-discovery-gap-conjecture/files/turing-d
iscovery-gap-conjecture.pdf, page 1>
Package pdftex.def Info: /home/hatch/workspace/goals/turing-discovery-gap-conje
cture/files/turing-discovery-gap-conjecture.pdf , page1 used on input line 93.
(pdftex.def)             Requested size: 614.58406pt x 795.3441pt.
 [70

 </home/hatch/workspace/goals/turing-discovery-gap-conjecture/files/turing-disc
overy-gap-conjecture.pdf>]
</home/hatch/workspace/goals/turing-discovery-gap-conjecture/files/turing-disco
very-gap-conjecture.pdf, id=749, page=2, 614.295pt x 794.97pt>
File: /home/hatch/workspace/goals/turing-discovery-gap-conjecture/files/turing-
discovery-gap-conjecture.pdf Graphic file (type pdf)
<use /home/hatch/workspace/goals/turing-discovery-gap-conjecture/files/turing-d
iscovery-gap-conjecture.pdf, page 2>
Package pdftex.def Info: /home/hatch/workspace/goals/turing-discovery-gap-conje
cture/files/turing-discovery-gap-conjecture.pdf , page2 used on input line 93.
(pdftex.def)             Requested size: 614.58406pt x 795.3441pt.
File: /home/hatch/workspace/goals/turing-discovery-gap-conjecture/files/turing-
discovery-gap-conjecture.pdf Graphic file (type pdf)
<use /home/hatch/workspace/goals/turing-discovery-gap-conjecture/files/turing-d
iscovery-gap-conjecture.pdf, page 2>
Package pdftex.def Info: /home/hatch/workspace/goals/turing-discovery-gap-conje
cture/files/turing-discovery-gap-conjecture.pdf , page2 used on input line 93.
(pdftex.def)             Requested size: 614.58406pt x 795.3441pt.
File: /home/hatch/workspace/goals/turing-discovery-gap-conjecture/files/turing-
discovery-gap-conjecture.pdf Graphic file (type pdf)
<use /home/hatch/workspace/goals/turing-discovery-gap-conjecture/files/turing-d
iscovery-gap-conjecture.pdf, page 2>
Package pdftex.def Info: /home/hatch/workspace/goals/turing-discovery-gap-conje
cture/files/turing-discovery-gap-conjecture.pdf , page2 used on input line 93.
(pdftex.def)             Requested size: 614.58406pt x 795.3441pt.
 [71

 </home/hatch/workspace/goals/turing-discovery-gap-conjecture/files/turing-disc
overy-gap-conjecture.pdf>]
</home/hatch/workspace/goals/turing-discovery-gap-conjecture/files/turing-disco
very-gap-conjecture.pdf, id=762, page=3, 614.295pt x 794.97pt>
File: /home/hatch/workspace/goals/turing-discovery-gap-conjecture/files/turing-
discovery-gap-conjecture.pdf Graphic file (type pdf)
<use /home/hatch/workspace/goals/turing-discovery-gap-conjecture/files/turing-d
iscovery-gap-conjecture.pdf, page 3>
Package pdftex.def Info: /home/hatch/workspace/goals/turing-discovery-gap-conje
cture/files/turing-discovery-gap-conjecture.pdf , page3 used on input line 93.
(pdftex.def)             Requested size: 614.58406pt x 795.3441pt.
File: /home/hatch/workspace/goals/turing-discovery-gap-conjecture/files/turing-
discovery-gap-conjecture.pdf Graphic file (type pdf)
<use /home/hatch/workspace/goals/turing-discovery-gap-conjecture/files/turing-d
iscovery-gap-conjecture.pdf, page 3>
Package pdftex.def Info: /home/hatch/workspace/goals/turing-discovery-gap-conje
cture/files/turing-discovery-gap-conjecture.pdf , page3 used on input line 93.
(pdftex.def)             Requested size: 614.58406pt x 795.3441pt.
File: /home/hatch/workspace/goals/turing-discovery-gap-conjecture/files/turing-
discovery-gap-conjecture.pdf Graphic file (type pdf)
<use /home/hatch/workspace/goals/turing-discovery-gap-conjecture/files/turing-d
iscovery-gap-conjecture.pdf, page 3>
Package pdftex.def Info: /home/hatch/workspace/goals/turing-discovery-gap-conje
cture/files/turing-discovery-gap-conjecture.pdf , page3 used on input line 93.
(pdftex.def)             Requested size: 614.58406pt x 795.3441pt.
 [72

 </home/hatch/workspace/goals/turing-discovery-gap-conjecture/files/turing-disc
overy-gap-conjecture.pdf>]
</home/hatch/workspace/goals/turing-discovery-gap-conjecture/files/turing-disco
very-gap-conjecture.pdf, id=767, page=4, 614.295pt x 794.97pt>
File: /home/hatch/workspace/goals/turing-discovery-gap-conjecture/files/turing-
discovery-gap-conjecture.pdf Graphic file (type pdf)
<use /home/hatch/workspace/goals/turing-discovery-gap-conjecture/files/turing-d
iscovery-gap-conjecture.pdf, page 4>
Package pdftex.def Info: /home/hatch/workspace/goals/turing-discovery-gap-conje
cture/files/turing-discovery-gap-conjecture.pdf , page4 used on input line 93.
(pdftex.def)             Requested size: 614.58406pt x 795.3441pt.
File: /home/hatch/workspace/goals/turing-discovery-gap-conjecture/files/turing-
discovery-gap-conjecture.pdf Graphic file (type pdf)
<use /home/hatch/workspace/goals/turing-discovery-gap-conjecture/files/turing-d
iscovery-gap-conjecture.pdf, page 4>
Package pdftex.def Info: /home/hatch/workspace/goals/turing-discovery-gap-conje
cture/files/turing-discovery-gap-conjecture.pdf , page4 used on input line 93.
(pdftex.def)             Requested size: 614.58406pt x 795.3441pt.
File: /home/hatch/workspace/goals/turing-discovery-gap-conjecture/files/turing-
discovery-gap-conjecture.pdf Graphic file (type pdf)
<use /home/hatch/workspace/goals/turing-discovery-gap-conjecture/files/turing-d
iscovery-gap-conjecture.pdf, page 4>
Package pdftex.def Info: /home/hatch/workspace/goals/turing-discovery-gap-conje
cture/files/turing-discovery-gap-conjecture.pdf , page4 used on input line 93.
(pdftex.def)             Requested size: 614.58406pt x 795.3441pt.

[73

 </home/hatch/workspace/goals/turing-discovery-gap-conjecture/files/turing-disc
overy-gap-conjecture.pdf>]
</home/hatch/workspace/goals/turing-discovery-gap-conjecture/files/turing-disco
very-gap-conjecture.pdf, id=773, page=5, 614.295pt x 794.97pt>
File: /home/hatch/workspace/goals/turing-discovery-gap-conjecture/files/turing-
discovery-gap-conjecture.pdf Graphic file (type pdf)
<use /home/hatch/workspace/goals/turing-discovery-gap-conjecture/files/turing-d
iscovery-gap-conjecture.pdf, page 5>
Package pdftex.def Info: /home/hatch/workspace/goals/turing-discovery-gap-conje
cture/files/turing-discovery-gap-conjecture.pdf , page5 used on input line 93.
(pdftex.def)             Requested size: 614.58406pt x 795.3441pt.
File: /home/hatch/workspace/goals/turing-discovery-gap-conjecture/files/turing-
discovery-gap-conjecture.pdf Graphic file (type pdf)
<use /home/hatch/workspace/goals/turing-discovery-gap-conjecture/files/turing-d
iscovery-gap-conjecture.pdf, page 5>
Package pdftex.def Info: /home/hatch/workspace/goals/turing-discovery-gap-conje
cture/files/turing-discovery-gap-conjecture.pdf , page5 used on input line 93.
(pdftex.def)             Requested size: 614.58406pt x 795.3441pt.
File: /home/hatch/workspace/goals/turing-discovery-gap-conjecture/files/turing-
discovery-gap-conjecture.pdf Graphic file (type pdf)
<use /home/hatch/workspace/goals/turing-discovery-gap-conjecture/files/turing-d
iscovery-gap-conjecture.pdf, page 5>
Package pdftex.def Info: /home/hatch/workspace/goals/turing-discovery-gap-conje
cture/files/turing-discovery-gap-conjecture.pdf , page5 used on input line 93.
(pdftex.def)             Requested size: 614.58406pt x 795.3441pt.
 [74

 </home/hatch/workspace/goals/turing-discovery-gap-conjecture/files/turing-disc
overy-gap-conjecture.pdf>]
</home/hatch/workspace/goals/turing-discovery-gap-conjecture/files/turing-disco
very-gap-conjecture.pdf, id=794, page=6, 614.295pt x 794.97pt>
File: /home/hatch/workspace/goals/turing-discovery-gap-conjecture/files/turing-
discovery-gap-conjecture.pdf Graphic file (type pdf)
<use /home/hatch/workspace/goals/turing-discovery-gap-conjecture/files/turing-d
iscovery-gap-conjecture.pdf, page 6>
Package pdftex.def Info: /home/hatch/workspace/goals/turing-discovery-gap-conje
cture/files/turing-discovery-gap-conjecture.pdf , page6 used on input line 93.
(pdftex.def)             Requested size: 614.58406pt x 795.3441pt.
File: /home/hatch/workspace/goals/turing-discovery-gap-conjecture/files/turing-
discovery-gap-conjecture.pdf Graphic file (type pdf)
<use /home/hatch/workspace/goals/turing-discovery-gap-conjecture/files/turing-d
iscovery-gap-conjecture.pdf, page 6>
Package pdftex.def Info: /home/hatch/workspace/goals/turing-discovery-gap-conje
cture/files/turing-discovery-gap-conjecture.pdf , page6 used on input line 93.
(pdftex.def)             Requested size: 614.58406pt x 795.3441pt.
File: /home/hatch/workspace/goals/turing-discovery-gap-conjecture/files/turing-
discovery-gap-conjecture.pdf Graphic file (type pdf)
<use /home/hatch/workspace/goals/turing-discovery-gap-conjecture/files/turing-d
iscovery-gap-conjecture.pdf, page 6>
Package pdftex.def Info: /home/hatch/workspace/goals/turing-discovery-gap-conje
cture/files/turing-discovery-gap-conjecture.pdf , page6 used on input line 93.
(pdftex.def)             Requested size: 614.58406pt x 795.3441pt.
 [75

 </home/hatch/workspace/goals/turing-discovery-gap-conjecture/files/turing-disc
overy-gap-conjecture.pdf>]
</home/hatch/workspace/goals/turing-discovery-gap-conjecture/files/turing-disco
very-gap-conjecture.pdf, id=799, page=7, 614.295pt x 794.97pt>
File: /home/hatch/workspace/goals/turing-discovery-gap-conjecture/files/turing-
discovery-gap-conjecture.pdf Graphic file (type pdf)
<use /home/hatch/workspace/goals/turing-discovery-gap-conjecture/files/turing-d
iscovery-gap-conjecture.pdf, page 7>
Package pdftex.def Info: /home/hatch/workspace/goals/turing-discovery-gap-conje
cture/files/turing-discovery-gap-conjecture.pdf , page7 used on input line 93.
(pdftex.def)             Requested size: 614.58406pt x 795.3441pt.
File: /home/hatch/workspace/goals/turing-discovery-gap-conjecture/files/turing-
discovery-gap-conjecture.pdf Graphic file (type pdf)
<use /home/hatch/workspace/goals/turing-discovery-gap-conjecture/files/turing-d
iscovery-gap-conjecture.pdf, page 7>
Package pdftex.def Info: /home/hatch/workspace/goals/turing-discovery-gap-conje
cture/files/turing-discovery-gap-conjecture.pdf , page7 used on input line 93.
(pdftex.def)             Requested size: 614.58406pt x 795.3441pt.
File: /home/hatch/workspace/goals/turing-discovery-gap-conjecture/files/turing-
discovery-gap-conjecture.pdf Graphic file (type pdf)
<use /home/hatch/workspace/goals/turing-discovery-gap-conjecture/files/turing-d
iscovery-gap-conjecture.pdf, page 7>
Package pdftex.def Info: /home/hatch/workspace/goals/turing-discovery-gap-conje
cture/files/turing-discovery-gap-conjecture.pdf , page7 used on input line 93.
(pdftex.def)             Requested size: 614.58406pt x 795.3441pt.
 [76

 </home/hatch/workspace/goals/turing-discovery-gap-conjecture/files/turing-disc
overy-gap-conjecture.pdf>]
</home/hatch/workspace/goals/turing-discovery-gap-conjecture/files/turing-disco
very-gap-conjecture.pdf, id=816, page=8, 614.295pt x 794.97pt>
File: /home/hatch/workspace/goals/turing-discovery-gap-conjecture/files/turing-
discovery-gap-conjecture.pdf Graphic file (type pdf)
<use /home/hatch/workspace/goals/turing-discovery-gap-conjecture/files/turing-d
iscovery-gap-conjecture.pdf, page 8>
Package pdftex.def Info: /home/hatch/workspace/goals/turing-discovery-gap-conje
cture/files/turing-discovery-gap-conjecture.pdf , page8 used on input line 93.
(pdftex.def)             Requested size: 614.58406pt x 795.3441pt.
File: /home/hatch/workspace/goals/turing-discovery-gap-conjecture/files/turing-
discovery-gap-conjecture.pdf Graphic file (type pdf)
<use /home/hatch/workspace/goals/turing-discovery-gap-conjecture/files/turing-d
iscovery-gap-conjecture.pdf, page 8>
Package pdftex.def Info: /home/hatch/workspace/goals/turing-discovery-gap-conje
cture/files/turing-discovery-gap-conjecture.pdf , page8 used on input line 93.
(pdftex.def)             Requested size: 614.58406pt x 795.3441pt.
File: /home/hatch/workspace/goals/turing-discovery-gap-conjecture/files/turing-
discovery-gap-conjecture.pdf Graphic file (type pdf)
<use /home/hatch/workspace/goals/turing-discovery-gap-conjecture/files/turing-d
iscovery-gap-conjecture.pdf, page 8>
Package pdftex.def Info: /home/hatch/workspace/goals/turing-discovery-gap-conje
cture/files/turing-discovery-gap-conjecture.pdf , page8 used on input line 93.
(pdftex.def)             Requested size: 614.58406pt x 795.3441pt.
 [77

 </home/hatch/workspace/goals/turing-discovery-gap-conjecture/files/turing-disc
overy-gap-conjecture.pdf>]
</home/hatch/workspace/goals/turing-discovery-gap-conjecture/files/turing-disco
very-gap-conjecture.pdf, id=821, page=9, 614.295pt x 794.97pt>
File: /home/hatch/workspace/goals/turing-discovery-gap-conjecture/files/turing-
discovery-gap-conjecture.pdf Graphic file (type pdf)
<use /home/hatch/workspace/goals/turing-discovery-gap-conjecture/files/turing-d
iscovery-gap-conjecture.pdf, page 9>
Package pdftex.def Info: /home/hatch/workspace/goals/turing-discovery-gap-conje
cture/files/turing-discovery-gap-conjecture.pdf , page9 used on input line 93.
(pdftex.def)             Requested size: 614.58406pt x 795.3441pt.
File: /home/hatch/workspace/goals/turing-discovery-gap-conjecture/files/turing-
discovery-gap-conjecture.pdf Graphic file (type pdf)
<use /home/hatch/workspace/goals/turing-discovery-gap-conjecture/files/turing-d
iscovery-gap-conjecture.pdf, page 9>
Package pdftex.def Info: /home/hatch/workspace/goals/turing-discovery-gap-conje
cture/files/turing-discovery-gap-conjecture.pdf , page9 used on input line 93.
(pdftex.def)             Requested size: 614.58406pt x 795.3441pt.
File: /home/hatch/workspace/goals/turing-discovery-gap-conjecture/files/turing-
discovery-gap-conjecture.pdf Graphic file (type pdf)
<use /home/hatch/workspace/goals/turing-discovery-gap-conjecture/files/turing-d
iscovery-gap-conjecture.pdf, page 9>
Package pdftex.def Info: /home/hatch/workspace/goals/turing-discovery-gap-conje
cture/files/turing-discovery-gap-conjecture.pdf , page9 used on input line 93.
(pdftex.def)             Requested size: 614.58406pt x 795.3441pt.
 [78

 </home/hatch/workspace/goals/turing-discovery-gap-conjecture/files/turing-disc
overy-gap-conjecture.pdf>]
</home/hatch/workspace/goals/turing-discovery-gap-conjecture/files/turing-disco
very-gap-conjecture.pdf, id=826, page=10, 614.295pt x 794.97pt>
File: /home/hatch/workspace/goals/turing-discovery-gap-conjecture/files/turing-
discovery-gap-conjecture.pdf Graphic file (type pdf)
<use /home/hatch/workspace/goals/turing-discovery-gap-conjecture/files/turing-d
iscovery-gap-conjecture.pdf, page 10>
Package pdftex.def Info: /home/hatch/workspace/goals/turing-discovery-gap-conje
cture/files/turing-discovery-gap-conjecture.pdf , page10 used on input line 93.

(pdftex.def)             Requested size: 614.58406pt x 795.3441pt.
File: /home/hatch/workspace/goals/turing-discovery-gap-conjecture/files/turing-
discovery-gap-conjecture.pdf Graphic file (type pdf)
<use /home/hatch/workspace/goals/turing-discovery-gap-conjecture/files/turing-d
iscovery-gap-conjecture.pdf, page 10>
Package pdftex.def Info: /home/hatch/workspace/goals/turing-discovery-gap-conje
cture/files/turing-discovery-gap-conjecture.pdf , page10 used on input line 93.

(pdftex.def)             Requested size: 614.58406pt x 795.3441pt.
File: /home/hatch/workspace/goals/turing-discovery-gap-conjecture/files/turing-
discovery-gap-conjecture.pdf Graphic file (type pdf)
<use /home/hatch/workspace/goals/turing-discovery-gap-conjecture/files/turing-d
iscovery-gap-conjecture.pdf, page 10>
Package pdftex.def Info: /home/hatch/workspace/goals/turing-discovery-gap-conje
cture/files/turing-discovery-gap-conjecture.pdf , page10 used on input line 93.

(pdftex.def)             Requested size: 614.58406pt x 795.3441pt.
 [79

 </home/hatch/workspace/goals/turing-discovery-gap-conjecture/files/turing-disc
overy-gap-conjecture.pdf>] [80]
</home/hatch/workspace/goals/the-stapleton-doctrine/files/the-stapleton-doctrin
e/stapleton-doctrine.pdf, id=836, 614.295pt x 794.97pt>
File: /home/hatch/workspace/goals/the-stapleton-doctrine/files/the-stapleton-do
ctrine/stapleton-doctrine.pdf Graphic file (type pdf)
<use /home/hatch/workspace/goals/the-stapleton-doctrine/files/the-stapleton-doc
trine/stapleton-doctrine.pdf>
Package pdftex.def Info: /home/hatch/workspace/goals/the-stapleton-doctrine/fil
es/the-stapleton-doctrine/stapleton-doctrine.pdf  used on input line 100.
(pdftex.def)             Requested size: 614.29349pt x 794.96806pt.
</home/hatch/workspace/goals/the-stapleton-doctrine/files/the-stapleton-doctrin
e/stapleton-doctrine.pdf, id=838, page=1, 614.295pt x 794.97pt>
File: /home/hatch/workspace/goals/the-stapleton-doctrine/files/the-stapleton-do
ctrine/stapleton-doctrine.pdf Graphic file (type pdf)
<use /home/hatch/workspace/goals/the-stapleton-doctrine/files/the-stapleton-doc
trine/stapleton-doctrine.pdf, page 1>
Package pdftex.def Info: /home/hatch/workspace/goals/the-stapleton-doctrine/fil
es/the-stapleton-doctrine/stapleton-doctrine.pdf , page1 used on input line 100
.
(pdftex.def)             Requested size: 614.29349pt x 794.96806pt.
File: /home/hatch/workspace/goals/the-stapleton-doctrine/files/the-stapleton-do
ctrine/stapleton-doctrine.pdf Graphic file (type pdf)
<use /home/hatch/workspace/goals/the-stapleton-doctrine/files/the-stapleton-doc
trine/stapleton-doctrine.pdf, page 1>
Package pdftex.def Info: /home/hatch/workspace/goals/the-stapleton-doctrine/fil
es/the-stapleton-doctrine/stapleton-doctrine.pdf , page1 used on input line 100
.
(pdftex.def)             Requested size: 614.58406pt x 795.3441pt.
File: /home/hatch/workspace/goals/the-stapleton-doctrine/files/the-stapleton-do
ctrine/stapleton-doctrine.pdf Graphic file (type pdf)
<use /home/hatch/workspace/goals/the-stapleton-doctrine/files/the-stapleton-doc
trine/stapleton-doctrine.pdf, page 1>
Package pdftex.def Info: /home/hatch/workspace/goals/the-stapleton-doctrine/fil
es/the-stapleton-doctrine/stapleton-doctrine.pdf , page1 used on input line 100
.
(pdftex.def)             Requested size: 614.58406pt x 795.3441pt.
File: /home/hatch/workspace/goals/the-stapleton-doctrine/files/the-stapleton-do
ctrine/stapleton-doctrine.pdf Graphic file (type pdf)
<use /home/hatch/workspace/goals/the-stapleton-doctrine/files/the-stapleton-doc
trine/stapleton-doctrine.pdf, page 1>
Package pdftex.def Info: /home/hatch/workspace/goals/the-stapleton-doctrine/fil
es/the-stapleton-doctrine/stapleton-doctrine.pdf , page1 used on input line 100
.
(pdftex.def)             Requested size: 614.58406pt x 795.3441pt.
File: /home/hatch/workspace/goals/the-stapleton-doctrine/files/the-stapleton-do
ctrine/stapleton-doctrine.pdf Graphic file (type pdf)
<use /home/hatch/workspace/goals/the-stapleton-doctrine/files/the-stapleton-doc
trine/stapleton-doctrine.pdf, page 1>
Package pdftex.def Info: /home/hatch/workspace/goals/the-stapleton-doctrine/fil
es/the-stapleton-doctrine/stapleton-doctrine.pdf , page1 used on input line 100
.
(pdftex.def)             Requested size: 614.58406pt x 795.3441pt.
 [81

 </home/hatch/workspace/goals/the-stapleton-doctrine/files/the-stapleton-doctri
ne/stapleton-doctrine.pdf>]
</home/hatch/workspace/goals/the-stapleton-doctrine/files/the-stapleton-doctrin
e/stapleton-doctrine.pdf, id=869, page=2, 614.295pt x 794.97pt>
File: /home/hatch/workspace/goals/the-stapleton-doctrine/files/the-stapleton-do
ctrine/stapleton-doctrine.pdf Graphic file (type pdf)
<use /home/hatch/workspace/goals/the-stapleton-doctrine/files/the-stapleton-doc
trine/stapleton-doctrine.pdf, page 2>
Package pdftex.def Info: /home/hatch/workspace/goals/the-stapleton-doctrine/fil
es/the-stapleton-doctrine/stapleton-doctrine.pdf , page2 used on input line 100
.
(pdftex.def)             Requested size: 614.58406pt x 795.3441pt.
File: /home/hatch/workspace/goals/the-stapleton-doctrine/files/the-stapleton-do
ctrine/stapleton-doctrine.pdf Graphic file (type pdf)
<use /home/hatch/workspace/goals/the-stapleton-doctrine/files/the-stapleton-doc
trine/stapleton-doctrine.pdf, page 2>
Package pdftex.def Info: /home/hatch/workspace/goals/the-stapleton-doctrine/fil
es/the-stapleton-doctrine/stapleton-doctrine.pdf , page2 used on input line 100
.
(pdftex.def)             Requested size: 614.58406pt x 795.3441pt.
File: /home/hatch/workspace/goals/the-stapleton-doctrine/files/the-stapleton-do
ctrine/stapleton-doctrine.pdf Graphic file (type pdf)
<use /home/hatch/workspace/goals/the-stapleton-doctrine/files/the-stapleton-doc
trine/stapleton-doctrine.pdf, page 2>
Package pdftex.def Info: /home/hatch/workspace/goals/the-stapleton-doctrine/fil
es/the-stapleton-doctrine/stapleton-doctrine.pdf , page2 used on input line 100
.
(pdftex.def)             Requested size: 614.58406pt x 795.3441pt.
 [82

 </home/hatch/workspace/goals/the-stapleton-doctrine/files/the-stapleton-doctri
ne/stapleton-doctrine.pdf>]
</home/hatch/workspace/goals/the-stapleton-doctrine/files/the-stapleton-doctrin
e/stapleton-doctrine.pdf, id=874, page=3, 614.295pt x 794.97pt>
File: /home/hatch/workspace/goals/the-stapleton-doctrine/files/the-stapleton-do
ctrine/stapleton-doctrine.pdf Graphic file (type pdf)
<use /home/hatch/workspace/goals/the-stapleton-doctrine/files/the-stapleton-doc
trine/stapleton-doctrine.pdf, page 3>
Package pdftex.def Info: /home/hatch/workspace/goals/the-stapleton-doctrine/fil
es/the-stapleton-doctrine/stapleton-doctrine.pdf , page3 used on input line 100
.
(pdftex.def)             Requested size: 614.58406pt x 795.3441pt.
File: /home/hatch/workspace/goals/the-stapleton-doctrine/files/the-stapleton-do
ctrine/stapleton-doctrine.pdf Graphic file (type pdf)
<use /home/hatch/workspace/goals/the-stapleton-doctrine/files/the-stapleton-doc
trine/stapleton-doctrine.pdf, page 3>
Package pdftex.def Info: /home/hatch/workspace/goals/the-stapleton-doctrine/fil
es/the-stapleton-doctrine/stapleton-doctrine.pdf , page3 used on input line 100
.
(pdftex.def)             Requested size: 614.58406pt x 795.3441pt.
File: /home/hatch/workspace/goals/the-stapleton-doctrine/files/the-stapleton-do
ctrine/stapleton-doctrine.pdf Graphic file (type pdf)
<use /home/hatch/workspace/goals/the-stapleton-doctrine/files/the-stapleton-doc
trine/stapleton-doctrine.pdf, page 3>
Package pdftex.def Info: /home/hatch/workspace/goals/the-stapleton-doctrine/fil
es/the-stapleton-doctrine/stapleton-doctrine.pdf , page3 used on input line 100
.
(pdftex.def)             Requested size: 614.58406pt x 795.3441pt.
 [83

 </home/hatch/workspace/goals/the-stapleton-doctrine/files/the-stapleton-doctri
ne/stapleton-doctrine.pdf>]
</home/hatch/workspace/goals/the-stapleton-doctrine/files/the-stapleton-doctrin
e/stapleton-doctrine.pdf, id=879, page=4, 614.295pt x 794.97pt>
File: /home/hatch/workspace/goals/the-stapleton-doctrine/files/the-stapleton-do
ctrine/stapleton-doctrine.pdf Graphic file (type pdf)
<use /home/hatch/workspace/goals/the-stapleton-doctrine/files/the-stapleton-doc
trine/stapleton-doctrine.pdf, page 4>
Package pdftex.def Info: /home/hatch/workspace/goals/the-stapleton-doctrine/fil
es/the-stapleton-doctrine/stapleton-doctrine.pdf , page4 used on input line 100
.
(pdftex.def)             Requested size: 614.58406pt x 795.3441pt.
File: /home/hatch/workspace/goals/the-stapleton-doctrine/files/the-stapleton-do
ctrine/stapleton-doctrine.pdf Graphic file (type pdf)
<use /home/hatch/workspace/goals/the-stapleton-doctrine/files/the-stapleton-doc
trine/stapleton-doctrine.pdf, page 4>
Package pdftex.def Info: /home/hatch/workspace/goals/the-stapleton-doctrine/fil
es/the-stapleton-doctrine/stapleton-doctrine.pdf , page4 used on input line 100
.
(pdftex.def)             Requested size: 614.58406pt x 795.3441pt.
File: /home/hatch/workspace/goals/the-stapleton-doctrine/files/the-stapleton-do
ctrine/stapleton-doctrine.pdf Graphic file (type pdf)
<use /home/hatch/workspace/goals/the-stapleton-doctrine/files/the-stapleton-doc
trine/stapleton-doctrine.pdf, page 4>
Package pdftex.def Info: /home/hatch/workspace/goals/the-stapleton-doctrine/fil
es/the-stapleton-doctrine/stapleton-doctrine.pdf , page4 used on input line 100
.
(pdftex.def)             Requested size: 614.58406pt x 795.3441pt.
 [84

 </home/hatch/workspace/goals/the-stapleton-doctrine/files/the-stapleton-doctri
ne/stapleton-doctrine.pdf>]
</home/hatch/workspace/goals/the-stapleton-doctrine/files/the-stapleton-doctrin
e/stapleton-doctrine.pdf, id=894, page=5, 614.295pt x 794.97pt>
File: /home/hatch/workspace/goals/the-stapleton-doctrine/files/the-stapleton-do
ctrine/stapleton-doctrine.pdf Graphic file (type pdf)
<use /home/hatch/workspace/goals/the-stapleton-doctrine/files/the-stapleton-doc
trine/stapleton-doctrine.pdf, page 5>
Package pdftex.def Info: /home/hatch/workspace/goals/the-stapleton-doctrine/fil
es/the-stapleton-doctrine/stapleton-doctrine.pdf , page5 used on input line 100
.
(pdftex.def)             Requested size: 614.58406pt x 795.3441pt.
File: /home/hatch/workspace/goals/the-stapleton-doctrine/files/the-stapleton-do
ctrine/stapleton-doctrine.pdf Graphic file (type pdf)
<use /home/hatch/workspace/goals/the-stapleton-doctrine/files/the-stapleton-doc
trine/stapleton-doctrine.pdf, page 5>
Package pdftex.def Info: /home/hatch/workspace/goals/the-stapleton-doctrine/fil
es/the-stapleton-doctrine/stapleton-doctrine.pdf , page5 used on input line 100
.
(pdftex.def)             Requested size: 614.58406pt x 795.3441pt.
File: /home/hatch/workspace/goals/the-stapleton-doctrine/files/the-stapleton-do
ctrine/stapleton-doctrine.pdf Graphic file (type pdf)
<use /home/hatch/workspace/goals/the-stapleton-doctrine/files/the-stapleton-doc
trine/stapleton-doctrine.pdf, page 5>
Package pdftex.def Info: /home/hatch/workspace/goals/the-stapleton-doctrine/fil
es/the-stapleton-doctrine/stapleton-doctrine.pdf , page5 used on input line 100
.
(pdftex.def)             Requested size: 614.58406pt x 795.3441pt.
 [85

 </home/hatch/workspace/goals/the-stapleton-doctrine/files/the-stapleton-doctri
ne/stapleton-doctrine.pdf>]
</home/hatch/workspace/goals/the-stapleton-doctrine/files/the-stapleton-doctrin
e/stapleton-doctrine.pdf, id=906, page=6, 614.295pt x 794.97pt>
File: /home/hatch/workspace/goals/the-stapleton-doctrine/files/the-stapleton-do
ctrine/stapleton-doctrine.pdf Graphic file (type pdf)
<use /home/hatch/workspace/goals/the-stapleton-doctrine/files/the-stapleton-doc
trine/stapleton-doctrine.pdf, page 6>
Package pdftex.def Info: /home/hatch/workspace/goals/the-stapleton-doctrine/fil
es/the-stapleton-doctrine/stapleton-doctrine.pdf , page6 used on input line 100
.
(pdftex.def)             Requested size: 614.58406pt x 795.3441pt.
File: /home/hatch/workspace/goals/the-stapleton-doctrine/files/the-stapleton-do
ctrine/stapleton-doctrine.pdf Graphic file (type pdf)
<use /home/hatch/workspace/goals/the-stapleton-doctrine/files/the-stapleton-doc
trine/stapleton-doctrine.pdf, page 6>
Package pdftex.def Info: /home/hatch/workspace/goals/the-stapleton-doctrine/fil
es/the-stapleton-doctrine/stapleton-doctrine.pdf , page6 used on input line 100
.
(pdftex.def)             Requested size: 614.58406pt x 795.3441pt.
File: /home/hatch/workspace/goals/the-stapleton-doctrine/files/the-stapleton-do
ctrine/stapleton-doctrine.pdf Graphic file (type pdf)
<use /home/hatch/workspace/goals/the-stapleton-doctrine/files/the-stapleton-doc
trine/stapleton-doctrine.pdf, page 6>
Package pdftex.def Info: /home/hatch/workspace/goals/the-stapleton-doctrine/fil
es/the-stapleton-doctrine/stapleton-doctrine.pdf , page6 used on input line 100
.
(pdftex.def)             Requested size: 614.58406pt x 795.3441pt.
 [86

 </home/hatch/workspace/goals/the-stapleton-doctrine/files/the-stapleton-doctri
ne/stapleton-doctrine.pdf>]
</home/hatch/workspace/goals/the-stapleton-doctrine/files/the-stapleton-doctrin
e/stapleton-doctrine.pdf, id=917, page=7, 614.295pt x 794.97pt>
File: /home/hatch/workspace/goals/the-stapleton-doctrine/files/the-stapleton-do
ctrine/stapleton-doctrine.pdf Graphic file (type pdf)
<use /home/hatch/workspace/goals/the-stapleton-doctrine/files/the-stapleton-doc
trine/stapleton-doctrine.pdf, page 7>
Package pdftex.def Info: /home/hatch/workspace/goals/the-stapleton-doctrine/fil
es/the-stapleton-doctrine/stapleton-doctrine.pdf , page7 used on input line 100
.
(pdftex.def)             Requested size: 614.58406pt x 795.3441pt.
File: /home/hatch/workspace/goals/the-stapleton-doctrine/files/the-stapleton-do
ctrine/stapleton-doctrine.pdf Graphic file (type pdf)
<use /home/hatch/workspace/goals/the-stapleton-doctrine/files/the-stapleton-doc
trine/stapleton-doctrine.pdf, page 7>
Package pdftex.def Info: /home/hatch/workspace/goals/the-stapleton-doctrine/fil
es/the-stapleton-doctrine/stapleton-doctrine.pdf , page7 used on input line 100
.
(pdftex.def)             Requested size: 614.58406pt x 795.3441pt.
File: /home/hatch/workspace/goals/the-stapleton-doctrine/files/the-stapleton-do
ctrine/stapleton-doctrine.pdf Graphic file (type pdf)
<use /home/hatch/workspace/goals/the-stapleton-doctrine/files/the-stapleton-doc
trine/stapleton-doctrine.pdf, page 7>
Package pdftex.def Info: /home/hatch/workspace/goals/the-stapleton-doctrine/fil
es/the-stapleton-doctrine/stapleton-doctrine.pdf , page7 used on input line 100
.
(pdftex.def)             Requested size: 614.58406pt x 795.3441pt.
 [87

 </home/hatch/workspace/goals/the-stapleton-doctrine/files/the-stapleton-doctri
ne/stapleton-doctrine.pdf>]
</home/hatch/workspace/goals/the-stapleton-doctrine/files/the-stapleton-doctrin
e/stapleton-doctrine.pdf, id=922, page=8, 614.295pt x 794.97pt>
File: /home/hatch/workspace/goals/the-stapleton-doctrine/files/the-stapleton-do
ctrine/stapleton-doctrine.pdf Graphic file (type pdf)
<use /home/hatch/workspace/goals/the-stapleton-doctrine/files/the-stapleton-doc
trine/stapleton-doctrine.pdf, page 8>
Package pdftex.def Info: /home/hatch/workspace/goals/the-stapleton-doctrine/fil
es/the-stapleton-doctrine/stapleton-doctrine.pdf , page8 used on input line 100
.
(pdftex.def)             Requested size: 614.58406pt x 795.3441pt.
File: /home/hatch/workspace/goals/the-stapleton-doctrine/files/the-stapleton-do
ctrine/stapleton-doctrine.pdf Graphic file (type pdf)
<use /home/hatch/workspace/goals/the-stapleton-doctrine/files/the-stapleton-doc
trine/stapleton-doctrine.pdf, page 8>
Package pdftex.def Info: /home/hatch/workspace/goals/the-stapleton-doctrine/fil
es/the-stapleton-doctrine/stapleton-doctrine.pdf , page8 used on input line 100
.
(pdftex.def)             Requested size: 614.58406pt x 795.3441pt.
File: /home/hatch/workspace/goals/the-stapleton-doctrine/files/the-stapleton-do
ctrine/stapleton-doctrine.pdf Graphic file (type pdf)
<use /home/hatch/workspace/goals/the-stapleton-doctrine/files/the-stapleton-doc
trine/stapleton-doctrine.pdf, page 8>
Package pdftex.def Info: /home/hatch/workspace/goals/the-stapleton-doctrine/fil
es/the-stapleton-doctrine/stapleton-doctrine.pdf , page8 used on input line 100
.
(pdftex.def)             Requested size: 614.58406pt x 795.3441pt.
 [88

 </home/hatch/workspace/goals/the-stapleton-doctrine/files/the-stapleton-doctri
ne/stapleton-doctrine.pdf>]
</home/hatch/workspace/goals/the-stapleton-doctrine/files/the-stapleton-doctrin
e/stapleton-doctrine.pdf, id=928, page=9, 614.295pt x 794.97pt>
File: /home/hatch/workspace/goals/the-stapleton-doctrine/files/the-stapleton-do
ctrine/stapleton-doctrine.pdf Graphic file (type pdf)
<use /home/hatch/workspace/goals/the-stapleton-doctrine/files/the-stapleton-doc
trine/stapleton-doctrine.pdf, page 9>
Package pdftex.def Info: /home/hatch/workspace/goals/the-stapleton-doctrine/fil
es/the-stapleton-doctrine/stapleton-doctrine.pdf , page9 used on input line 100
.
(pdftex.def)             Requested size: 614.58406pt x 795.3441pt.
File: /home/hatch/workspace/goals/the-stapleton-doctrine/files/the-stapleton-do
ctrine/stapleton-doctrine.pdf Graphic file (type pdf)
<use /home/hatch/workspace/goals/the-stapleton-doctrine/files/the-stapleton-doc
trine/stapleton-doctrine.pdf, page 9>
Package pdftex.def Info: /home/hatch/workspace/goals/the-stapleton-doctrine/fil
es/the-stapleton-doctrine/stapleton-doctrine.pdf , page9 used on input line 100
.
(pdftex.def)             Requested size: 614.58406pt x 795.3441pt.
File: /home/hatch/workspace/goals/the-stapleton-doctrine/files/the-stapleton-do
ctrine/stapleton-doctrine.pdf Graphic file (type pdf)
<use /home/hatch/workspace/goals/the-stapleton-doctrine/files/the-stapleton-doc
trine/stapleton-doctrine.pdf, page 9>
Package pdftex.def Info: /home/hatch/workspace/goals/the-stapleton-doctrine/fil
es/the-stapleton-doctrine/stapleton-doctrine.pdf , page9 used on input line 100
.
(pdftex.def)             Requested size: 614.58406pt x 795.3441pt.
 [89

 </home/hatch/workspace/goals/the-stapleton-doctrine/files/the-stapleton-doctri
ne/stapleton-doctrine.pdf>]
</home/hatch/workspace/goals/the-stapleton-doctrine/files/the-stapleton-doctrin
e/stapleton-doctrine.pdf, id=937, page=10, 614.295pt x 794.97pt>
File: /home/hatch/workspace/goals/the-stapleton-doctrine/files/the-stapleton-do
ctrine/stapleton-doctrine.pdf Graphic file (type pdf)
<use /home/hatch/workspace/goals/the-stapleton-doctrine/files/the-stapleton-doc
trine/stapleton-doctrine.pdf, page 10>
Package pdftex.def Info: /home/hatch/workspace/goals/the-stapleton-doctrine/fil
es/the-stapleton-doctrine/stapleton-doctrine.pdf , page10 used on input line 10
0.
(pdftex.def)             Requested size: 614.58406pt x 795.3441pt.
File: /home/hatch/workspace/goals/the-stapleton-doctrine/files/the-stapleton-do
ctrine/stapleton-doctrine.pdf Graphic file (type pdf)
<use /home/hatch/workspace/goals/the-stapleton-doctrine/files/the-stapleton-doc
trine/stapleton-doctrine.pdf, page 10>
Package pdftex.def Info: /home/hatch/workspace/goals/the-stapleton-doctrine/fil
es/the-stapleton-doctrine/stapleton-doctrine.pdf , page10 used on input line 10
0.
(pdftex.def)             Requested size: 614.58406pt x 795.3441pt.
File: /home/hatch/workspace/goals/the-stapleton-doctrine/files/the-stapleton-do
ctrine/stapleton-doctrine.pdf Graphic file (type pdf)
<use /home/hatch/workspace/goals/the-stapleton-doctrine/files/the-stapleton-doc
trine/stapleton-doctrine.pdf, page 10>
Package pdftex.def Info: /home/hatch/workspace/goals/the-stapleton-doctrine/fil
es/the-stapleton-doctrine/stapleton-doctrine.pdf , page10 used on input line 10
0.
(pdftex.def)             Requested size: 614.58406pt x 795.3441pt.
 [90

 </home/hatch/workspace/goals/the-stapleton-doctrine/files/the-stapleton-doctri
ne/stapleton-doctrine.pdf>] [91]
</home/hatch/workspace/your_files/crumb-doctrine.pdf, id=947, 614.295pt x 794.9
7pt>
File: /home/hatch/workspace/your_files/crumb-doctrine.pdf Graphic file (type pd
f)
<use /home/hatch/workspace/your_files/crumb-doctrine.pdf>
Package pdftex.def Info: /home/hatch/workspace/your_files/crumb-doctrine.pdf  u
sed on input line 107.
(pdftex.def)             Requested size: 614.29349pt x 794.96806pt.
</home/hatch/workspace/your_files/crumb-doctrine.pdf, id=949, page=1, 614.295pt
 x 794.97pt>
File: /home/hatch/workspace/your_files/crumb-doctrine.pdf Graphic file (type pd
f)
<use /home/hatch/workspace/your_files/crumb-doctrine.pdf, page 1>
Package pdftex.def Info: /home/hatch/workspace/your_files/crumb-doctrine.pdf , 
page1 used on input line 107.
(pdftex.def)             Requested size: 614.29349pt x 794.96806pt.
File: /home/hatch/workspace/your_files/crumb-doctrine.pdf Graphic file (type pd
f)
<use /home/hatch/workspace/your_files/crumb-doctrine.pdf, page 1>
Package pdftex.def Info: /home/hatch/workspace/your_files/crumb-doctrine.pdf , 
page1 used on input line 107.
(pdftex.def)             Requested size: 614.58406pt x 795.3441pt.
File: /home/hatch/workspace/your_files/crumb-doctrine.pdf Graphic file (type pd
f)
<use /home/hatch/workspace/your_files/crumb-doctrine.pdf, page 1>
Package pdftex.def Info: /home/hatch/workspace/your_files/crumb-doctrine.pdf , 
page1 used on input line 107.
(pdftex.def)             Requested size: 614.58406pt x 795.3441pt.
File: /home/hatch/workspace/your_files/crumb-doctrine.pdf Graphic file (type pd
f)
<use /home/hatch/workspace/your_files/crumb-doctrine.pdf, page 1>
Package pdftex.def Info: /home/hatch/workspace/your_files/crumb-doctrine.pdf , 
page1 used on input line 107.
(pdftex.def)             Requested size: 614.58406pt x 795.3441pt.
File: /home/hatch/workspace/your_files/crumb-doctrine.pdf Graphic file (type pd
f)
<use /home/hatch/workspace/your_files/crumb-doctrine.pdf, page 1>
Package pdftex.def Info: /home/hatch/workspace/your_files/crumb-doctrine.pdf , 
page1 used on input line 107.
(pdftex.def)             Requested size: 614.58406pt x 795.3441pt.
 [92

 </home/hatch/workspace/your_files/crumb-doctrine.pdf>]
</home/hatch/workspace/your_files/crumb-doctrine.pdf, id=975, page=2, 614.295pt
 x 794.97pt>
File: /home/hatch/workspace/your_files/crumb-doctrine.pdf Graphic file (type pd
f)
<use /home/hatch/workspace/your_files/crumb-doctrine.pdf, page 2>
Package pdftex.def Info: /home/hatch/workspace/your_files/crumb-doctrine.pdf , 
page2 used on input line 107.
(pdftex.def)             Requested size: 614.58406pt x 795.3441pt.
File: /home/hatch/workspace/your_files/crumb-doctrine.pdf Graphic file (type pd
f)
<use /home/hatch/workspace/your_files/crumb-doctrine.pdf, page 2>
Package pdftex.def Info: /home/hatch/workspace/your_files/crumb-doctrine.pdf , 
page2 used on input line 107.
(pdftex.def)             Requested size: 614.58406pt x 795.3441pt.
File: /home/hatch/workspace/your_files/crumb-doctrine.pdf Graphic file (type pd
f)
<use /home/hatch/workspace/your_files/crumb-doctrine.pdf, page 2>
Package pdftex.def Info: /home/hatch/workspace/your_files/crumb-doctrine.pdf , 
page2 used on input line 107.
(pdftex.def)             Requested size: 614.58406pt x 795.3441pt.
 [93

 </home/hatch/workspace/your_files/crumb-doctrine.pdf>]
</home/hatch/workspace/your_files/crumb-doctrine.pdf, id=984, page=3, 614.295pt
 x 794.97pt>
File: /home/hatch/workspace/your_files/crumb-doctrine.pdf Graphic file (type pd
f)
<use /home/hatch/workspace/your_files/crumb-doctrine.pdf, page 3>
Package pdftex.def Info: /home/hatch/workspace/your_files/crumb-doctrine.pdf , 
page3 used on input line 107.
(pdftex.def)             Requested size: 614.58406pt x 795.3441pt.
File: /home/hatch/workspace/your_files/crumb-doctrine.pdf Graphic file (type pd
f)
<use /home/hatch/workspace/your_files/crumb-doctrine.pdf, page 3>
Package pdftex.def Info: /home/hatch/workspace/your_files/crumb-doctrine.pdf , 
page3 used on input line 107.
(pdftex.def)             Requested size: 614.58406pt x 795.3441pt.
File: /home/hatch/workspace/your_files/crumb-doctrine.pdf Graphic file (type pd
f)
<use /home/hatch/workspace/your_files/crumb-doctrine.pdf, page 3>
Package pdftex.def Info: /home/hatch/workspace/your_files/crumb-doctrine.pdf , 
page3 used on input line 107.
(pdftex.def)             Requested size: 614.58406pt x 795.3441pt.
 [94

 </home/hatch/workspace/your_files/crumb-doctrine.pdf>]
</home/hatch/workspace/your_files/crumb-doctrine.pdf, id=989, page=4, 614.295pt
 x 794.97pt>
File: /home/hatch/workspace/your_files/crumb-doctrine.pdf Graphic file (type pd
f)
<use /home/hatch/workspace/your_files/crumb-doctrine.pdf, page 4>
Package pdftex.def Info: /home/hatch/workspace/your_files/crumb-doctrine.pdf , 
page4 used on input line 107.
(pdftex.def)             Requested size: 614.58406pt x 795.3441pt.
File: /home/hatch/workspace/your_files/crumb-doctrine.pdf Graphic file (type pd
f)
<use /home/hatch/workspace/your_files/crumb-doctrine.pdf, page 4>
Package pdftex.def Info: /home/hatch/workspace/your_files/crumb-doctrine.pdf , 
page4 used on input line 107.
(pdftex.def)             Requested size: 614.58406pt x 795.3441pt.
File: /home/hatch/workspace/your_files/crumb-doctrine.pdf Graphic file (type pd
f)
<use /home/hatch/workspace/your_files/crumb-doctrine.pdf, page 4>
Package pdftex.def Info: /home/hatch/workspace/your_files/crumb-doctrine.pdf , 
page4 used on input line 107.
(pdftex.def)             Requested size: 614.58406pt x 795.3441pt.

[95

 </home/hatch/workspace/your_files/crumb-doctrine.pdf>]
</home/hatch/workspace/your_files/crumb-doctrine.pdf, id=998, page=5, 614.295pt
 x 794.97pt>
File: /home/hatch/workspace/your_files/crumb-doctrine.pdf Graphic file (type pd
f)
<use /home/hatch/workspace/your_files/crumb-doctrine.pdf, page 5>
Package pdftex.def Info: /home/hatch/workspace/your_files/crumb-doctrine.pdf , 
page5 used on input line 107.
(pdftex.def)             Requested size: 614.58406pt x 795.3441pt.
File: /home/hatch/workspace/your_files/crumb-doctrine.pdf Graphic file (type pd
f)
<use /home/hatch/workspace/your_files/crumb-doctrine.pdf, page 5>
Package pdftex.def Info: /home/hatch/workspace/your_files/crumb-doctrine.pdf , 
page5 used on input line 107.
(pdftex.def)             Requested size: 614.58406pt x 795.3441pt.
File: /home/hatch/workspace/your_files/crumb-doctrine.pdf Graphic file (type pd
f)
<use /home/hatch/workspace/your_files/crumb-doctrine.pdf, page 5>
Package pdftex.def Info: /home/hatch/workspace/your_files/crumb-doctrine.pdf , 
page5 used on input line 107.
(pdftex.def)             Requested size: 614.58406pt x 795.3441pt.
 [96

 </home/hatch/workspace/your_files/crumb-doctrine.pdf>] [97]
</home/hatch/workspace/your_files/omega-language.pdf, id=1008, 614.295pt x 794.
97pt>
File: /home/hatch/workspace/your_files/omega-language.pdf Graphic file (type pd
f)
<use /home/hatch/workspace/your_files/omega-language.pdf>
Package pdftex.def Info: /home/hatch/workspace/your_files/omega-language.pdf  u
sed on input line 114.
(pdftex.def)             Requested size: 614.29349pt x 794.96806pt.
</home/hatch/workspace/your_files/omega-language.pdf, id=1010, page=1, 614.295p
t x 794.97pt>
File: /home/hatch/workspace/your_files/omega-language.pdf Graphic file (type pd
f)
<use /home/hatch/workspace/your_files/omega-language.pdf, page 1>
Package pdftex.def Info: /home/hatch/workspace/your_files/omega-language.pdf , 
page1 used on input line 114.
(pdftex.def)             Requested size: 614.29349pt x 794.96806pt.
File: /home/hatch/workspace/your_files/omega-language.pdf Graphic file (type pd
f)
<use /home/hatch/workspace/your_files/omega-language.pdf, page 1>
Package pdftex.def Info: /home/hatch/workspace/your_files/omega-language.pdf , 
page1 used on input line 114.
(pdftex.def)             Requested size: 614.58406pt x 795.3441pt.
File: /home/hatch/workspace/your_files/omega-language.pdf Graphic file (type pd
f)
<use /home/hatch/workspace/your_files/omega-language.pdf, page 1>
Package pdftex.def Info: /home/hatch/workspace/your_files/omega-language.pdf , 
page1 used on input line 114.
(pdftex.def)             Requested size: 614.58406pt x 795.3441pt.
File: /home/hatch/workspace/your_files/omega-language.pdf Graphic file (type pd
f)
<use /home/hatch/workspace/your_files/omega-language.pdf, page 1>
Package pdftex.def Info: /home/hatch/workspace/your_files/omega-language.pdf , 
page1 used on input line 114.
(pdftex.def)             Requested size: 614.58406pt x 795.3441pt.
File: /home/hatch/workspace/your_files/omega-language.pdf Graphic file (type pd
f)
<use /home/hatch/workspace/your_files/omega-language.pdf, page 1>
Package pdftex.def Info: /home/hatch/workspace/your_files/omega-language.pdf , 
page1 used on input line 114.
(pdftex.def)             Requested size: 614.58406pt x 795.3441pt.
 [98

 </home/hatch/workspace/your_files/omega-language.pdf>]
</home/hatch/workspace/your_files/omega-language.pdf, id=1057, page=2, 614.295p
t x 794.97pt>
File: /home/hatch/workspace/your_files/omega-language.pdf Graphic file (type pd
f)
<use /home/hatch/workspace/your_files/omega-language.pdf, page 2>
Package pdftex.def Info: /home/hatch/workspace/your_files/omega-language.pdf , 
page2 used on input line 114.
(pdftex.def)             Requested size: 614.58406pt x 795.3441pt.
File: /home/hatch/workspace/your_files/omega-language.pdf Graphic file (type pd
f)
<use /home/hatch/workspace/your_files/omega-language.pdf, page 2>
Package pdftex.def Info: /home/hatch/workspace/your_files/omega-language.pdf , 
page2 used on input line 114.
(pdftex.def)             Requested size: 614.58406pt x 795.3441pt.
File: /home/hatch/workspace/your_files/omega-language.pdf Graphic file (type pd
f)
<use /home/hatch/workspace/your_files/omega-language.pdf, page 2>
Package pdftex.def Info: /home/hatch/workspace/your_files/omega-language.pdf , 
page2 used on input line 114.
(pdftex.def)             Requested size: 614.58406pt x 795.3441pt.
 [99

 </home/hatch/workspace/your_files/omega-language.pdf>]
</home/hatch/workspace/your_files/omega-language.pdf, id=1062, page=3, 614.295p
t x 794.97pt>
File: /home/hatch/workspace/your_files/omega-language.pdf Graphic file (type pd
f)
<use /home/hatch/workspace/your_files/omega-language.pdf, page 3>
Package pdftex.def Info: /home/hatch/workspace/your_files/omega-language.pdf , 
page3 used on input line 114.
(pdftex.def)             Requested size: 614.58406pt x 795.3441pt.
File: /home/hatch/workspace/your_files/omega-language.pdf Graphic file (type pd
f)
<use /home/hatch/workspace/your_files/omega-language.pdf, page 3>
Package pdftex.def Info: /home/hatch/workspace/your_files/omega-language.pdf , 
page3 used on input line 114.
(pdftex.def)             Requested size: 614.58406pt x 795.3441pt.
File: /home/hatch/workspace/your_files/omega-language.pdf Graphic file (type pd
f)
<use /home/hatch/workspace/your_files/omega-language.pdf, page 3>
Package pdftex.def Info: /home/hatch/workspace/your_files/omega-language.pdf , 
page3 used on input line 114.
(pdftex.def)             Requested size: 614.58406pt x 795.3441pt.
 [100

 </home/hatch/workspace/your_files/omega-language.pdf>]
</home/hatch/workspace/your_files/omega-language.pdf, id=1083, page=4, 614.295p
t x 794.97pt>
File: /home/hatch/workspace/your_files/omega-language.pdf Graphic file (type pd
f)
<use /home/hatch/workspace/your_files/omega-language.pdf, page 4>
Package pdftex.def Info: /home/hatch/workspace/your_files/omega-language.pdf , 
page4 used on input line 114.
(pdftex.def)             Requested size: 614.58406pt x 795.3441pt.
File: /home/hatch/workspace/your_files/omega-language.pdf Graphic file (type pd
f)
<use /home/hatch/workspace/your_files/omega-language.pdf, page 4>
Package pdftex.def Info: /home/hatch/workspace/your_files/omega-language.pdf , 
page4 used on input line 114.
(pdftex.def)             Requested size: 614.58406pt x 795.3441pt.
File: /home/hatch/workspace/your_files/omega-language.pdf Graphic file (type pd
f)
<use /home/hatch/workspace/your_files/omega-language.pdf, page 4>
Package pdftex.def Info: /home/hatch/workspace/your_files/omega-language.pdf , 
page4 used on input line 114.
(pdftex.def)             Requested size: 614.58406pt x 795.3441pt.
 [101

 </home/hatch/workspace/your_files/omega-language.pdf>]
</home/hatch/workspace/your_files/omega-language.pdf, id=1088, page=5, 614.295p
t x 794.97pt>
File: /home/hatch/workspace/your_files/omega-language.pdf Graphic file (type pd
f)
<use /home/hatch/workspace/your_files/omega-language.pdf, page 5>
Package pdftex.def Info: /home/hatch/workspace/your_files/omega-language.pdf , 
page5 used on input line 114.
(pdftex.def)             Requested size: 614.58406pt x 795.3441pt.
File: /home/hatch/workspace/your_files/omega-language.pdf Graphic file (type pd
f)
<use /home/hatch/workspace/your_files/omega-language.pdf, page 5>
Package pdftex.def Info: /home/hatch/workspace/your_files/omega-language.pdf , 
page5 used on input line 114.
(pdftex.def)             Requested size: 614.58406pt x 795.3441pt.
File: /home/hatch/workspace/your_files/omega-language.pdf Graphic file (type pd
f)
<use /home/hatch/workspace/your_files/omega-language.pdf, page 5>
Package pdftex.def Info: /home/hatch/workspace/your_files/omega-language.pdf , 
page5 used on input line 114.
(pdftex.def)             Requested size: 614.58406pt x 795.3441pt.
 [102

 </home/hatch/workspace/your_files/omega-language.pdf>]
</home/hatch/workspace/your_files/omega-language.pdf, id=1099, page=6, 614.295p
t x 794.97pt>
File: /home/hatch/workspace/your_files/omega-language.pdf Graphic file (type pd
f)
<use /home/hatch/workspace/your_files/omega-language.pdf, page 6>
Package pdftex.def Info: /home/hatch/workspace/your_files/omega-language.pdf , 
page6 used on input line 114.
(pdftex.def)             Requested size: 614.58406pt x 795.3441pt.
File: /home/hatch/workspace/your_files/omega-language.pdf Graphic file (type pd
f)
<use /home/hatch/workspace/your_files/omega-language.pdf, page 6>
Package pdftex.def Info: /home/hatch/workspace/your_files/omega-language.pdf , 
page6 used on input line 114.
(pdftex.def)             Requested size: 614.58406pt x 795.3441pt.
File: /home/hatch/workspace/your_files/omega-language.pdf Graphic file (type pd
f)
<use /home/hatch/workspace/your_files/omega-language.pdf, page 6>
Package pdftex.def Info: /home/hatch/workspace/your_files/omega-language.pdf , 
page6 used on input line 114.
(pdftex.def)             Requested size: 614.58406pt x 795.3441pt.
 [103

 </home/hatch/workspace/your_files/omega-language.pdf>]
</home/hatch/workspace/your_files/omega-language.pdf, id=1105, page=7, 614.295p
t x 794.97pt>
File: /home/hatch/workspace/your_files/omega-language.pdf Graphic file (type pd
f)
<use /home/hatch/workspace/your_files/omega-language.pdf, page 7>
Package pdftex.def Info: /home/hatch/workspace/your_files/omega-language.pdf , 
page7 used on input line 114.
(pdftex.def)             Requested size: 614.58406pt x 795.3441pt.
File: /home/hatch/workspace/your_files/omega-language.pdf Graphic file (type pd
f)
<use /home/hatch/workspace/your_files/omega-language.pdf, page 7>
Package pdftex.def Info: /home/hatch/workspace/your_files/omega-language.pdf , 
page7 used on input line 114.
(pdftex.def)             Requested size: 614.58406pt x 795.3441pt.
File: /home/hatch/workspace/your_files/omega-language.pdf Graphic file (type pd
f)
<use /home/hatch/workspace/your_files/omega-language.pdf, page 7>
Package pdftex.def Info: /home/hatch/workspace/your_files/omega-language.pdf , 
page7 used on input line 114.
(pdftex.def)             Requested size: 614.58406pt x 795.3441pt.
 [104

 </home/hatch/workspace/your_files/omega-language.pdf>]
</home/hatch/workspace/your_files/omega-language.pdf, id=1110, page=8, 614.295p
t x 794.97pt>
File: /home/hatch/workspace/your_files/omega-language.pdf Graphic file (type pd
f)
<use /home/hatch/workspace/your_files/omega-language.pdf, page 8>
Package pdftex.def Info: /home/hatch/workspace/your_files/omega-language.pdf , 
page8 used on input line 114.
(pdftex.def)             Requested size: 614.58406pt x 795.3441pt.
File: /home/hatch/workspace/your_files/omega-language.pdf Graphic file (type pd
f)
<use /home/hatch/workspace/your_files/omega-language.pdf, page 8>
Package pdftex.def Info: /home/hatch/workspace/your_files/omega-language.pdf , 
page8 used on input line 114.
(pdftex.def)             Requested size: 614.58406pt x 795.3441pt.
File: /home/hatch/workspace/your_files/omega-language.pdf Graphic file (type pd
f)
<use /home/hatch/workspace/your_files/omega-language.pdf, page 8>
Package pdftex.def Info: /home/hatch/workspace/your_files/omega-language.pdf , 
page8 used on input line 114.
(pdftex.def)             Requested size: 614.58406pt x 795.3441pt.
 [105

 </home/hatch/workspace/your_files/omega-language.pdf>]
</home/hatch/workspace/your_files/omega-language.pdf, id=1121, page=9, 614.295p
t x 794.97pt>
File: /home/hatch/workspace/your_files/omega-language.pdf Graphic file (type pd
f)
<use /home/hatch/workspace/your_files/omega-language.pdf, page 9>
Package pdftex.def Info: /home/hatch/workspace/your_files/omega-language.pdf , 
page9 used on input line 114.
(pdftex.def)             Requested size: 614.58406pt x 795.3441pt.
File: /home/hatch/workspace/your_files/omega-language.pdf Graphic file (type pd
f)
<use /home/hatch/workspace/your_files/omega-language.pdf, page 9>
Package pdftex.def Info: /home/hatch/workspace/your_files/omega-language.pdf , 
page9 used on input line 114.
(pdftex.def)             Requested size: 614.58406pt x 795.3441pt.
File: /home/hatch/workspace/your_files/omega-language.pdf Graphic file (type pd
f)
<use /home/hatch/workspace/your_files/omega-language.pdf, page 9>
Package pdftex.def Info: /home/hatch/workspace/your_files/omega-language.pdf , 
page9 used on input line 114.
(pdftex.def)             Requested size: 614.58406pt x 795.3441pt.
 [106

 </home/hatch/workspace/your_files/omega-language.pdf>] [107]
</home/hatch/workspace/your_files/atemporal-aien-postulate.pdf, id=1130, 614.29
5pt x 794.97pt>
File: /home/hatch/workspace/your_files/atemporal-aien-postulate.pdf Graphic fil
e (type pdf)
<use /home/hatch/workspace/your_files/atemporal-aien-postulate.pdf>
Package pdftex.def Info: /home/hatch/workspace/your_files/atemporal-aien-postul
ate.pdf  used on input line 121.
(pdftex.def)             Requested size: 614.29349pt x 794.96806pt.
</home/hatch/workspace/your_files/atemporal-aien-postulate.pdf, id=1132, page=1
, 614.295pt x 794.97pt>
File: /home/hatch/workspace/your_files/atemporal-aien-postulate.pdf Graphic fil
e (type pdf)
<use /home/hatch/workspace/your_files/atemporal-aien-postulate.pdf, page 1>
Package pdftex.def Info: /home/hatch/workspace/your_files/atemporal-aien-postul
ate.pdf , page1 used on input line 121.
(pdftex.def)             Requested size: 614.29349pt x 794.96806pt.
File: /home/hatch/workspace/your_files/atemporal-aien-postulate.pdf Graphic fil
e (type pdf)
<use /home/hatch/workspace/your_files/atemporal-aien-postulate.pdf, page 1>
Package pdftex.def Info: /home/hatch/workspace/your_files/atemporal-aien-postul
ate.pdf , page1 used on input line 121.
(pdftex.def)             Requested size: 614.58406pt x 795.3441pt.
File: /home/hatch/workspace/your_files/atemporal-aien-postulate.pdf Graphic fil
e (type pdf)
<use /home/hatch/workspace/your_files/atemporal-aien-postulate.pdf, page 1>
Package pdftex.def Info: /home/hatch/workspace/your_files/atemporal-aien-postul
ate.pdf , page1 used on input line 121.
(pdftex.def)             Requested size: 614.58406pt x 795.3441pt.
File: /home/hatch/workspace/your_files/atemporal-aien-postulate.pdf Graphic fil
e (type pdf)
<use /home/hatch/workspace/your_files/atemporal-aien-postulate.pdf, page 1>
Package pdftex.def Info: /home/hatch/workspace/your_files/atemporal-aien-postul
ate.pdf , page1 used on input line 121.
(pdftex.def)             Requested size: 614.58406pt x 795.3441pt.
File: /home/hatch/workspace/your_files/atemporal-aien-postulate.pdf Graphic fil
e (type pdf)
<use /home/hatch/workspace/your_files/atemporal-aien-postulate.pdf, page 1>
Package pdftex.def Info: /home/hatch/workspace/your_files/atemporal-aien-postul
ate.pdf , page1 used on input line 121.
(pdftex.def)             Requested size: 614.58406pt x 795.3441pt.
 [108

 </home/hatch/workspace/your_files/atemporal-aien-postulate.pdf>]
</home/hatch/workspace/your_files/atemporal-aien-postulate.pdf, id=1158, page=2
, 614.295pt x 794.97pt>
File: /home/hatch/workspace/your_files/atemporal-aien-postulate.pdf Graphic fil
e (type pdf)
<use /home/hatch/workspace/your_files/atemporal-aien-postulate.pdf, page 2>
Package pdftex.def Info: /home/hatch/workspace/your_files/atemporal-aien-postul
ate.pdf , page2 used on input line 121.
(pdftex.def)             Requested size: 614.58406pt x 795.3441pt.
File: /home/hatch/workspace/your_files/atemporal-aien-postulate.pdf Graphic fil
e (type pdf)
<use /home/hatch/workspace/your_files/atemporal-aien-postulate.pdf, page 2>
Package pdftex.def Info: /home/hatch/workspace/your_files/atemporal-aien-postul
ate.pdf , page2 used on input line 121.
(pdftex.def)             Requested size: 614.58406pt x 795.3441pt.
File: /home/hatch/workspace/your_files/atemporal-aien-postulate.pdf Graphic fil
e (type pdf)
<use /home/hatch/workspace/your_files/atemporal-aien-postulate.pdf, page 2>
Package pdftex.def Info: /home/hatch/workspace/your_files/atemporal-aien-postul
ate.pdf , page2 used on input line 121.
(pdftex.def)             Requested size: 614.58406pt x 795.3441pt.
 [109

 </home/hatch/workspace/your_files/atemporal-aien-postulate.pdf>]
</home/hatch/workspace/your_files/atemporal-aien-postulate.pdf, id=1180, page=3
, 614.295pt x 794.97pt>
File: /home/hatch/workspace/your_files/atemporal-aien-postulate.pdf Graphic fil
e (type pdf)
<use /home/hatch/workspace/your_files/atemporal-aien-postulate.pdf, page 3>
Package pdftex.def Info: /home/hatch/workspace/your_files/atemporal-aien-postul
ate.pdf , page3 used on input line 121.
(pdftex.def)             Requested size: 614.58406pt x 795.3441pt.
File: /home/hatch/workspace/your_files/atemporal-aien-postulate.pdf Graphic fil
e (type pdf)
<use /home/hatch/workspace/your_files/atemporal-aien-postulate.pdf, page 3>
Package pdftex.def Info: /home/hatch/workspace/your_files/atemporal-aien-postul
ate.pdf , page3 used on input line 121.
(pdftex.def)             Requested size: 614.58406pt x 795.3441pt.
File: /home/hatch/workspace/your_files/atemporal-aien-postulate.pdf Graphic fil
e (type pdf)
<use /home/hatch/workspace/your_files/atemporal-aien-postulate.pdf, page 3>
Package pdftex.def Info: /home/hatch/workspace/your_files/atemporal-aien-postul
ate.pdf , page3 used on input line 121.
(pdftex.def)             Requested size: 614.58406pt x 795.3441pt.
 [110

 </home/hatch/workspace/your_files/atemporal-aien-postulate.pdf>]
</home/hatch/workspace/your_files/atemporal-aien-postulate.pdf, id=1190, page=4
, 614.295pt x 794.97pt>
File: /home/hatch/workspace/your_files/atemporal-aien-postulate.pdf Graphic fil
e (type pdf)
<use /home/hatch/workspace/your_files/atemporal-aien-postulate.pdf, page 4>
Package pdftex.def Info: /home/hatch/workspace/your_files/atemporal-aien-postul
ate.pdf , page4 used on input line 121.
(pdftex.def)             Requested size: 614.58406pt x 795.3441pt.
File: /home/hatch/workspace/your_files/atemporal-aien-postulate.pdf Graphic fil
e (type pdf)
<use /home/hatch/workspace/your_files/atemporal-aien-postulate.pdf, page 4>
Package pdftex.def Info: /home/hatch/workspace/your_files/atemporal-aien-postul
ate.pdf , page4 used on input line 121.
(pdftex.def)             Requested size: 614.58406pt x 795.3441pt.
File: /home/hatch/workspace/your_files/atemporal-aien-postulate.pdf Graphic fil
e (type pdf)
<use /home/hatch/workspace/your_files/atemporal-aien-postulate.pdf, page 4>
Package pdftex.def Info: /home/hatch/workspace/your_files/atemporal-aien-postul
ate.pdf , page4 used on input line 121.
(pdftex.def)             Requested size: 614.58406pt x 795.3441pt.
 [111

 </home/hatch/workspace/your_files/atemporal-aien-postulate.pdf>]
</home/hatch/workspace/your_files/atemporal-aien-postulate.pdf, id=1209, page=5
, 614.295pt x 794.97pt>
File: /home/hatch/workspace/your_files/atemporal-aien-postulate.pdf Graphic fil
e (type pdf)
<use /home/hatch/workspace/your_files/atemporal-aien-postulate.pdf, page 5>
Package pdftex.def Info: /home/hatch/workspace/your_files/atemporal-aien-postul
ate.pdf , page5 used on input line 121.
(pdftex.def)             Requested size: 614.58406pt x 795.3441pt.
File: /home/hatch/workspace/your_files/atemporal-aien-postulate.pdf Graphic fil
e (type pdf)
<use /home/hatch/workspace/your_files/atemporal-aien-postulate.pdf, page 5>
Package pdftex.def Info: /home/hatch/workspace/your_files/atemporal-aien-postul
ate.pdf , page5 used on input line 121.
(pdftex.def)             Requested size: 614.58406pt x 795.3441pt.
File: /home/hatch/workspace/your_files/atemporal-aien-postulate.pdf Graphic fil
e (type pdf)
<use /home/hatch/workspace/your_files/atemporal-aien-postulate.pdf, page 5>
Package pdftex.def Info: /home/hatch/workspace/your_files/atemporal-aien-postul
ate.pdf , page5 used on input line 121.
(pdftex.def)             Requested size: 614.58406pt x 795.3441pt.

[112

 </home/hatch/workspace/your_files/atemporal-aien-postulate.pdf>]
</home/hatch/workspace/your_files/atemporal-aien-postulate.pdf, id=1220, page=6
, 614.295pt x 794.97pt>
File: /home/hatch/workspace/your_files/atemporal-aien-postulate.pdf Graphic fil
e (type pdf)
<use /home/hatch/workspace/your_files/atemporal-aien-postulate.pdf, page 6>
Package pdftex.def Info: /home/hatch/workspace/your_files/atemporal-aien-postul
ate.pdf , page6 used on input line 121.
(pdftex.def)             Requested size: 614.58406pt x 795.3441pt.
File: /home/hatch/workspace/your_files/atemporal-aien-postulate.pdf Graphic fil
e (type pdf)
<use /home/hatch/workspace/your_files/atemporal-aien-postulate.pdf, page 6>
Package pdftex.def Info: /home/hatch/workspace/your_files/atemporal-aien-postul
ate.pdf , page6 used on input line 121.
(pdftex.def)             Requested size: 614.58406pt x 795.3441pt.
File: /home/hatch/workspace/your_files/atemporal-aien-postulate.pdf Graphic fil
e (type pdf)
<use /home/hatch/workspace/your_files/atemporal-aien-postulate.pdf, page 6>
Package pdftex.def Info: /home/hatch/workspace/your_files/atemporal-aien-postul
ate.pdf , page6 used on input line 121.
(pdftex.def)             Requested size: 614.58406pt x 795.3441pt.
 [113

 </home/hatch/workspace/your_files/atemporal-aien-postulate.pdf>]
</home/hatch/workspace/your_files/atemporal-aien-postulate.pdf, id=1225, page=7
, 614.295pt x 794.97pt>
File: /home/hatch/workspace/your_files/atemporal-aien-postulate.pdf Graphic fil
e (type pdf)
<use /home/hatch/workspace/your_files/atemporal-aien-postulate.pdf, page 7>
Package pdftex.def Info: /home/hatch/workspace/your_files/atemporal-aien-postul
ate.pdf , page7 used on input line 121.
(pdftex.def)             Requested size: 614.58406pt x 795.3441pt.
File: /home/hatch/workspace/your_files/atemporal-aien-postulate.pdf Graphic fil
e (type pdf)
<use /home/hatch/workspace/your_files/atemporal-aien-postulate.pdf, page 7>
Package pdftex.def Info: /home/hatch/workspace/your_files/atemporal-aien-postul
ate.pdf , page7 used on input line 121.
(pdftex.def)             Requested size: 614.58406pt x 795.3441pt.
File: /home/hatch/workspace/your_files/atemporal-aien-postulate.pdf Graphic fil
e (type pdf)
<use /home/hatch/workspace/your_files/atemporal-aien-postulate.pdf, page 7>
Package pdftex.def Info: /home/hatch/workspace/your_files/atemporal-aien-postul
ate.pdf , page7 used on input line 121.
(pdftex.def)             Requested size: 614.58406pt x 795.3441pt.
 [114

 </home/hatch/workspace/your_files/atemporal-aien-postulate.pdf>]
</home/hatch/workspace/your_files/atemporal-aien-postulate.pdf, id=1230, page=8
, 614.295pt x 794.97pt>
File: /home/hatch/workspace/your_files/atemporal-aien-postulate.pdf Graphic fil
e (type pdf)
<use /home/hatch/workspace/your_files/atemporal-aien-postulate.pdf, page 8>
Package pdftex.def Info: /home/hatch/workspace/your_files/atemporal-aien-postul
ate.pdf , page8 used on input line 121.
(pdftex.def)             Requested size: 614.58406pt x 795.3441pt.
File: /home/hatch/workspace/your_files/atemporal-aien-postulate.pdf Graphic fil
e (type pdf)
<use /home/hatch/workspace/your_files/atemporal-aien-postulate.pdf, page 8>
Package pdftex.def Info: /home/hatch/workspace/your_files/atemporal-aien-postul
ate.pdf , page8 used on input line 121.
(pdftex.def)             Requested size: 614.58406pt x 795.3441pt.
File: /home/hatch/workspace/your_files/atemporal-aien-postulate.pdf Graphic fil
e (type pdf)
<use /home/hatch/workspace/your_files/atemporal-aien-postulate.pdf, page 8>
Package pdftex.def Info: /home/hatch/workspace/your_files/atemporal-aien-postul
ate.pdf , page8 used on input line 121.
(pdftex.def)             Requested size: 614.58406pt x 795.3441pt.
 [115

 </home/hatch/workspace/your_files/atemporal-aien-postulate.pdf>]
</home/hatch/workspace/your_files/atemporal-aien-postulate.pdf, id=1236, page=9
, 614.295pt x 794.97pt>
File: /home/hatch/workspace/your_files/atemporal-aien-postulate.pdf Graphic fil
e (type pdf)
<use /home/hatch/workspace/your_files/atemporal-aien-postulate.pdf, page 9>
Package pdftex.def Info: /home/hatch/workspace/your_files/atemporal-aien-postul
ate.pdf , page9 used on input line 121.
(pdftex.def)             Requested size: 614.58406pt x 795.3441pt.
File: /home/hatch/workspace/your_files/atemporal-aien-postulate.pdf Graphic fil
e (type pdf)
<use /home/hatch/workspace/your_files/atemporal-aien-postulate.pdf, page 9>
Package pdftex.def Info: /home/hatch/workspace/your_files/atemporal-aien-postul
ate.pdf , page9 used on input line 121.
(pdftex.def)             Requested size: 614.58406pt x 795.3441pt.
File: /home/hatch/workspace/your_files/atemporal-aien-postulate.pdf Graphic fil
e (type pdf)
<use /home/hatch/workspace/your_files/atemporal-aien-postulate.pdf, page 9>
Package pdftex.def Info: /home/hatch/workspace/your_files/atemporal-aien-postul
ate.pdf , page9 used on input line 121.
(pdftex.def)             Requested size: 614.58406pt x 795.3441pt.
 [116

 </home/hatch/workspace/your_files/atemporal-aien-postulate.pdf>]
</home/hatch/workspace/your_files/atemporal-aien-postulate.pdf, id=1249, page=1
0, 614.295pt x 794.97pt>
File: /home/hatch/workspace/your_files/atemporal-aien-postulate.pdf Graphic fil
e (type pdf)
<use /home/hatch/workspace/your_files/atemporal-aien-postulate.pdf, page 10>
Package pdftex.def Info: /home/hatch/workspace/your_files/atemporal-aien-postul
ate.pdf , page10 used on input line 121.
(pdftex.def)             Requested size: 614.58406pt x 795.3441pt.
File: /home/hatch/workspace/your_files/atemporal-aien-postulate.pdf Graphic fil
e (type pdf)
<use /home/hatch/workspace/your_files/atemporal-aien-postulate.pdf, page 10>
Package pdftex.def Info: /home/hatch/workspace/your_files/atemporal-aien-postul
ate.pdf , page10 used on input line 121.
(pdftex.def)             Requested size: 614.58406pt x 795.3441pt.
File: /home/hatch/workspace/your_files/atemporal-aien-postulate.pdf Graphic fil
e (type pdf)
<use /home/hatch/workspace/your_files/atemporal-aien-postulate.pdf, page 10>
Package pdftex.def Info: /home/hatch/workspace/your_files/atemporal-aien-postul
ate.pdf , page10 used on input line 121.
(pdftex.def)             Requested size: 614.58406pt x 795.3441pt.
 [117

 </home/hatch/workspace/your_files/atemporal-aien-postulate.pdf>]
</home/hatch/workspace/your_files/atemporal-aien-postulate.pdf, id=1254, page=1
1, 614.295pt x 794.97pt>
File: /home/hatch/workspace/your_files/atemporal-aien-postulate.pdf Graphic fil
e (type pdf)
<use /home/hatch/workspace/your_files/atemporal-aien-postulate.pdf, page 11>
Package pdftex.def Info: /home/hatch/workspace/your_files/atemporal-aien-postul
ate.pdf , page11 used on input line 121.
(pdftex.def)             Requested size: 614.58406pt x 795.3441pt.
File: /home/hatch/workspace/your_files/atemporal-aien-postulate.pdf Graphic fil
e (type pdf)
<use /home/hatch/workspace/your_files/atemporal-aien-postulate.pdf, page 11>
Package pdftex.def Info: /home/hatch/workspace/your_files/atemporal-aien-postul
ate.pdf , page11 used on input line 121.
(pdftex.def)             Requested size: 614.58406pt x 795.3441pt.
File: /home/hatch/workspace/your_files/atemporal-aien-postulate.pdf Graphic fil
e (type pdf)
<use /home/hatch/workspace/your_files/atemporal-aien-postulate.pdf, page 11>
Package pdftex.def Info: /home/hatch/workspace/your_files/atemporal-aien-postul
ate.pdf , page11 used on input line 121.
(pdftex.def)             Requested size: 614.58406pt x 795.3441pt.
 [118

 </home/hatch/workspace/your_files/atemporal-aien-postulate.pdf>]
</home/hatch/workspace/your_files/atemporal-aien-postulate.pdf, id=1259, page=1
2, 614.295pt x 794.97pt>
File: /home/hatch/workspace/your_files/atemporal-aien-postulate.pdf Graphic fil
e (type pdf)
<use /home/hatch/workspace/your_files/atemporal-aien-postulate.pdf, page 12>
Package pdftex.def Info: /home/hatch/workspace/your_files/atemporal-aien-postul
ate.pdf , page12 used on input line 121.
(pdftex.def)             Requested size: 614.58406pt x 795.3441pt.
File: /home/hatch/workspace/your_files/atemporal-aien-postulate.pdf Graphic fil
e (type pdf)
<use /home/hatch/workspace/your_files/atemporal-aien-postulate.pdf, page 12>
Package pdftex.def Info: /home/hatch/workspace/your_files/atemporal-aien-postul
ate.pdf , page12 used on input line 121.
(pdftex.def)             Requested size: 614.58406pt x 795.3441pt.
File: /home/hatch/workspace/your_files/atemporal-aien-postulate.pdf Graphic fil
e (type pdf)
<use /home/hatch/workspace/your_files/atemporal-aien-postulate.pdf, page 12>
Package pdftex.def Info: /home/hatch/workspace/your_files/atemporal-aien-postul
ate.pdf , page12 used on input line 121.
(pdftex.def)             Requested size: 614.58406pt x 795.3441pt.
 [119

 </home/hatch/workspace/your_files/atemporal-aien-postulate.pdf>]
</home/hatch/workspace/your_files/atemporal-aien-postulate.pdf, id=1264, page=1
3, 614.295pt x 794.97pt>
File: /home/hatch/workspace/your_files/atemporal-aien-postulate.pdf Graphic fil
e (type pdf)
<use /home/hatch/workspace/your_files/atemporal-aien-postulate.pdf, page 13>
Package pdftex.def Info: /home/hatch/workspace/your_files/atemporal-aien-postul
ate.pdf , page13 used on input line 121.
(pdftex.def)             Requested size: 614.58406pt x 795.3441pt.
File: /home/hatch/workspace/your_files/atemporal-aien-postulate.pdf Graphic fil
e (type pdf)
<use /home/hatch/workspace/your_files/atemporal-aien-postulate.pdf, page 13>
Package pdftex.def Info: /home/hatch/workspace/your_files/atemporal-aien-postul
ate.pdf , page13 used on input line 121.
(pdftex.def)             Requested size: 614.58406pt x 795.3441pt.
File: /home/hatch/workspace/your_files/atemporal-aien-postulate.pdf Graphic fil
e (type pdf)
<use /home/hatch/workspace/your_files/atemporal-aien-postulate.pdf, page 13>
Package pdftex.def Info: /home/hatch/workspace/your_files/atemporal-aien-postul
ate.pdf , page13 used on input line 121.
(pdftex.def)             Requested size: 614.58406pt x 795.3441pt.
 [120

 </home/hatch/workspace/your_files/atemporal-aien-postulate.pdf>]
(./paper.aux)
 ***********
LaTeX2e <2026-06-01>
L3 programming layer <2026-09-09>
 ***********
Package rerunfilecheck Info: File `paper.out' has not changed.
(rerunfilecheck)             Checksum: 967F9003587A633602006507C0640A88;2527.
 ) 
Here is how much of TeX's memory you used:
 10887 strings out of 468531
 208205 string characters out of 5442982
 600538 words of memory out of 5000000
 39810 multiletter control sequences out of 15000+600000
 633559 words of font info for 57 fonts, out of 8000000 for 9000
 319 hyphenation exceptions out of 8191
 74i,17n,90p,1013b,587s stack positions out of 10000i,1000n,20000p,200000b,200000s
</home/hatch/texlive/2026/texmf-dist/fonts/type1/public/amsfonts/cm/cmbx10.pf
b></home/hatch/texlive/2026/texmf-dist/fonts/type1/public/amsfonts/cm/cmbx12.pf
b></home/hatch/texlive/2026/texmf-dist/fonts/type1/public/amsfonts/cm/cmbx6.pfb
></home/hatch/texlive/2026/texmf-dist/fonts/type1/public/amsfonts/cm/cmbx8.pfb>
</home/hatch/texlive/2026/texmf-dist/fonts/type1/public/amsfonts/cm/cmbxti10.pf
b></home/hatch/texlive/2026/texmf-dist/fonts/type1/public/amsfonts/cm/cmex10.pf
b></home/hatch/texlive/2026/texmf-dist/fonts/type1/public/amsfonts/cm/cmmi10.pf
b></home/hatch/texlive/2026/texmf-dist/fonts/type1/public/amsfonts/cm/cmmi6.pfb
></home/hatch/texlive/2026/texmf-dist/fonts/type1/public/amsfonts/cm/cmmi8.pfb>
</home/hatch/texlive/2026/texmf-dist/fonts/type1/public/amsfonts/cm/cmr10.pfb><
/home/hatch/texlive/2026/texmf-dist/fonts/type1/public/amsfonts/cm/cmr12.pfb></
home/hatch/texlive/2026/texmf-dist/fonts/type1/public/amsfonts/cm/cmr17.pfb></h
ome/hatch/texlive/2026/texmf-dist/fonts/type1/public/amsfonts/cm/cmr6.pfb></hom
e/hatch/texlive/2026/texmf-dist/fonts/type1/public/amsfonts/cm/cmr7.pfb></home/
hatch/texlive/2026/texmf-dist/fonts/type1/public/amsfonts/cm/cmr8.pfb></home/ha
tch/texlive/2026/texmf-dist/fonts/type1/public/amsfonts/cm/cmsl10.pfb></home/ha
tch/texlive/2026/texmf-dist/fonts/type1/public/amsfonts/cm/cmsy10.pfb></home/ha
tch/texlive/2026/texmf-dist/fonts/type1/public/amsfonts/cm/cmsy6.pfb></home/hat
ch/texlive/2026/texmf-dist/fonts/type1/public/amsfonts/cm/cmsy8.pfb></home/hatc
h/texlive/2026/texmf-dist/fonts/type1/public/amsfonts/cm/cmti10.pfb></home/hatc
h/texlive/2026/texmf-dist/fonts/type1/public/amsfonts/cm/cmtt10.pfb></home/hatc
h/texlive/2026/texmf-dist/fonts/type1/public/amsfonts/cm/cmtt9.pfb></home/hatch
/texlive/2026/texmf-dist/fonts/type1/public/lm/lmbx10.pfb></home/hatch/texlive/
2026/texmf-dist/fonts/type1/public/lm/lmbx12.pfb></home/hatch/texlive/2026/texm
f-dist/fonts/type1/public/lm/lmbx8.pfb></home/hatch/texlive/2026/texmf-dist/fon
ts/type1/public/lm/lmbxi10.pfb></home/hatch/texlive/2026/texmf-dist/fonts/type1
/public/lm/lmex10.pfb></home/hatch/texlive/2026/texmf-dist/fonts/type1/public/l
m/lmmi10.pfb></home/hatch/texlive/2026/texmf-dist/fonts/type1/public/lm/lmmi6.p
fb></home/hatch/texlive/2026/texmf-dist/fonts/type1/public/lm/lmmi7.pfb></home/
hatch/texlive/2026/texmf-dist/fonts/type1/public/lm/lmmi8.pfb></home/hatch/texl
ive/2026/texmf-dist/fonts/type1/public/lm/lmr10.pfb></home/hatch/texlive/2026/t
exmf-dist/fonts/type1/public/lm/lmr12.pfb></home/hatch/texlive/2026/texmf-dist/
fonts/type1/public/lm/lmr17.pfb></home/hatch/texlive/2026/texmf-dist/fonts/type
1/public/lm/lmr6.pfb></home/hatch/texlive/2026/texmf-dist/fonts/type1/public/lm
/lmr7.pfb></home/hatch/texlive/2026/texmf-dist/fonts/type1/public/lm/lmr8.pfb><
/home/hatch/texlive/2026/texmf-dist/fonts/type1/public/lm/lmr9.pfb></home/hatch
/texlive/2026/texmf-dist/fonts/type1/public/lm/lmri10.pfb></home/hatch/texlive/
2026/texmf-dist/fonts/type1/public/lm/lmri8.pfb></home/hatch/texlive/2026/texmf
-dist/fonts/type1/public/lm/lmsy10.pfb></home/hatch/texlive/2026/texmf-dist/fon
ts/type1/public/lm/lmsy8.pfb></home/hatch/texlive/2026/texmf-dist/fonts/type1/p
ublic/lm/lmsy9.pfb></home/hatch/texlive/2026/texmf-dist/fonts/type1/public/lm/l
mtt10.pfb></home/hatch/texlive/2026/texmf-dist/fonts/type1/public/lm/lmtti10.pf
b></home/hatch/texlive/2026/texmf-dist/fonts/type1/public/amsfonts/symbols/msam
10.pfb></home/hatch/texlive/2026/texmf-dist/fonts/type1/public/cm-super/sfbx100
0.pfb></home/hatch/texlive/2026/texmf-dist/fonts/type1/public/cm-super/sfbx1095
.pfb></home/hatch/texlive/2026/texmf-dist/fonts/type1/public/cm-super/sfbx1200.
pfb></home/hatch/texlive/2026/texmf-dist/fonts/type1/public/cm-super/sfbx1440.p
fb></home/hatch/texlive/2026/texmf-dist/fonts/type1/public/cm-super/sfrm1000.pf
b></home/hatch/texlive/2026/texmf-dist/fonts/type1/public/cm-super/sfrm1095.pfb
></home/hatch/texlive/2026/texmf-dist/fonts/type1/public/cm-super/sfrm1200.pfb>
</home/hatch/texlive/2026/texmf-dist/fonts/type1/public/cm-super/sfrm1728.pfb><
/home/hatch/texlive/2026/texmf-dist/fonts/type1/public/cm-super/sfti1000.pfb></
home/hatch/texlive/2026/texmf-dist/fonts/type1/public/cm-super/sfti1095.pfb></h
ome/hatch/texlive/2026/texmf-dist/fonts/type1/public/cm-super/sftt1095.pfb>
Output written on paper.pdf (120 pages, 1599376 bytes).
PDF statistics:
 1379 PDF objects out of 1440 (max. 8388607)
 944 compressed objects within 10 object streams
 133 named destinations out of 1000 (max. 500000)
 693 words of extra memory for PDF output out of 10000 (max. 10000000)

